track_id,start_time,end_time,raw_chord,root,quality,bass_degree,reference_chord
1012600,0.0,3.09,N,,,,N
1012600,3.09,10.91,G:min,G,min,,Gm
1012600,10.91,11.45,D:7,D,7,,D7
1012600,11.45,21.66,G:min,G,min,,Gm
1012600,21.66,25.54,D:7,D,7,,D7
1012600,25.54,34.34,G:min,G,min,,Gm
1012600,34.34,36.08,G:min/b3,G,min,b3,Gm/b3
1012600,36.08,36.9,D:maj,D,maj,,D
1012600,36.9,58.89,G:min,G,min,,Gm
1012600,58.89,59.44,D:maj,D,maj,,D
1012600,59.44,91.12,G:min,G,min,,Gm
1012600,91.12,92.32,G:min/b3,G,min,b3,Gm/b3
1012600,92.32,96.13,D:maj/5,D,maj,5,D/5
1012600,96.13,106.79,G:min,G,min,,Gm
1012600,106.79,107.53,D:maj,D,maj,,D
1012600,107.53,110.62,G:min,G,min,,Gm
1012600,110.62,112.62,G:min/b3,G,min,b3,Gm/b3
1012600,112.62,113.1,D:maj/b7,D,maj,b7,D/b7
1012600,113.1,117.38,G:min,G,min,,Gm
1012600,117.38,118.72,G:min/2,G,min,2,Gm/2
1012600,118.72,129.43,G:min,G,min,,Gm
1012600,129.43,130.05,D:maj,D,maj,,D
1012600,130.05,150.14,G:min,G,min,,Gm
1012600,150.14,151.58,G:min/b3,G,min,b3,Gm/b3
1012600,151.58,152.65,G:min/2,G,min,2,Gm/2
1012600,152.65,162.91,G:min,G,min,,Gm
1012600,162.91,165.4,D:maj/5,D,maj,5,D/5
1012600,165.4,166.49,N,,,,N
1028800,0.0,13.19,N,,,,N
1028800,13.19,22.85,Bb:min,Bb,min,,Bbm
1028800,22.85,60.0,Bb:min7,Bb,min7,,Bbm7
1028800,60.0,61.42,Eb:7,Eb,7,,Eb7
1028800,61.42,62.86,Ab:7,Ab,7,,Ab7
1028800,62.86,66.41,C#:maj7,C#,maj7,,C#maj7
1028800,66.41,68.55,F:min7,F,min7,,Fm7
1028800,68.55,77.81,Bb:min7,Bb,min7,,Bbm7
1028800,77.81,79.97,F:7,F,7,,F7
1028800,79.97,89.26,Bb:min7,Bb,min7,,Bbm7
1028800,89.26,91.39,F:7,F,7,,F7
1028800,91.39,128.59,Bb:min7,Bb,min7,,Bbm7
1028800,128.59,129.99,Eb:min7,Eb,min7,,Ebm7
1028800,129.99,131.42,Ab:7,Ab,7,,Ab7
1028800,131.42,134.95,C#:maj7,C#,maj7,,C#maj7
1028800,134.95,137.11,F:min7,F,min7,,Fm7
1028800,137.11,146.4,Bb:min7,Bb,min7,,Bbm7
1028800,146.4,148.54,F:7,F,7,,F7
1028800,148.54,157.8,Bb:min7,Bb,min7,,Bbm7
1028800,157.8,159.99,F:7,F,7,,F7
1028800,159.99,175.26,Bb:min7,Bb,min7,,Bbm7
1028800,175.26,206.01,N,,,,N
1051200,0.0,0.07,N,,,,N
1051200,0.07,8.99,G:maj,G,maj,,G
1051200,8.99,9.94,C:maj,C,maj,,C
1051200,9.94,11.91,G:maj,G,maj,,G
1051200,11.91,13.84,C:maj,C,maj,,C
1051200,13.84,15.91,G:maj,G,maj,,G
1051200,15.91,17.83,C:maj,C,maj,,C
1051200,17.83,19.81,G:maj,G,maj,,G
1051200,19.81,20.76,C:maj,C,maj,,C
1051200,20.76,25.68,G:maj,G,maj,,G
1051200,25.68,26.66,C:maj,C,maj,,C
1051200,26.66,28.65,G:maj,G,maj,,G
1051200,28.65,30.58,C:maj,C,maj,,C
1051200,30.58,32.6,G:maj,G,maj,,G
1051200,32.6,34.55,C:maj,C,maj,,C
1051200,34.55,36.52,G:maj,G,maj,,G
1051200,36.52,37.48,C:maj,C,maj,,C
1051200,37.48,41.45,G:maj,G,maj,,G
1051200,41.45,42.35,C:maj,C,maj,,C
1051200,42.35,44.35,G:maj,G,maj,,G
1051200,44.35,45.4,D:maj,D,maj,,D
1051200,45.4,47.51,E:min,E,min,,Em
1051200,47.51,48.3,C:maj,C,maj,,C
1051200,48.3,50.34,G:maj,G,maj,,G
1051200,50.34,51.25,C:maj,C,maj,,C
1051200,51.25,60.14,G:maj,G,maj,,G
1051200,60.14,61.11,C:maj,C,maj,,C
1051200,61.11,63.11,G:maj,G,maj,,G
1051200,63.11,65.02,C:maj,C,maj,,C
1051200,65.02,67.01,G:maj,G,maj,,G
1051200,67.01,68.96,C:maj,C,maj,,C
1051200,68.96,70.96,G:maj,G,maj,,G
1051200,70.96,71.91,C:maj,C,maj,,C
1051200,71.91,76.81,G:maj,G,maj,,G
1051200,76.81,77.79,C:maj,C,maj,,C
1051200,77.79,79.81,G:maj,G,maj,,G
1051200,79.81,81.78,C:maj,C,maj,,C
1051200,81.78,83.75,G:maj,G,maj,,G
1051200,83.75,85.7,C:maj,C,maj,,C
1051200,85.7,87.66,G:maj,G,maj,,G
1051200,87.66,88.63,C:maj,C,maj,,C
1051200,88.63,92.65,G:maj,G,maj,,G
1051200,92.65,93.46,A:min,A,min,,Am
1051200,93.46,95.55,G:maj,G,maj,,G
1051200,95.55,96.46,D:maj/5,D,maj,5,D/5
1051200,96.46,98.55,E:min,E,min,,Em
1051200,98.55,99.5,C:maj,C,maj,,C
1051200,99.5,101.45,G:maj,G,maj,,G
1051200,101.45,102.4,C:maj,C,maj,,C
1051200,102.4,106.44,G:maj,G,maj,,G
1051200,106.44,107.44,D:maj/5,D,maj,5,D/5
1051200,107.44,108.34,C:maj,C,maj,,C
1051200,108.34,109.37,G:maj,G,maj,,G
1051200,109.37,110.29,C:maj,C,maj,,C
1051200,110.29,111.34,D:maj/5,D,maj,5,D/5
1051200,111.34,112.22,C:maj/3,C,maj,3,C/3
1051200,112.22,113.31,G:maj,G,maj,,G
1051200,113.31,114.2,A:min,A,min,,Am
1051200,114.2,115.24,D:maj/5,D,maj,5,D/5
1051200,115.24,116.19,C:maj,C,maj,,C
1051200,116.19,117.24,G:maj,G,maj,,G
1051200,117.24,119.14,D:maj/5,D,maj,5,D/5
1051200,119.14,120.14,E:min,E,min,,Em
1051200,120.14,122.09,D:maj/5,D,maj,5,D/5
1051200,122.09,123.11,A:min,A,min,,Am
1051200,123.11,124.04,E:min,E,min,,Em
1051200,124.04,126.01,D:maj/5,D,maj,5,D/5
1051200,126.01,127.06,A:min,A,min,,Am
1051200,127.06,127.99,E:min,E,min,,Em
1051200,127.99,129.64,D:maj/5,D,maj,5,D/5
1051200,129.64,132.54,D:maj,D,maj,,D
1051200,132.54,134.1,N,,,,N
1051200,134.1,135.79,D:maj/5,D,maj,5,D/5
1051200,135.79,144.71,G:maj,G,maj,,G
1051200,144.71,145.64,C:maj,C,maj,,C
1051200,145.64,147.7,G:maj,G,maj,,G
1051200,147.7,149.58,C:maj,C,maj,,C
1051200,149.58,151.6,G:maj,G,maj,,G
1051200,151.6,153.44,C:maj,C,maj,,C
1051200,153.44,155.48,G:maj,G,maj,,G
1051200,155.48,156.48,C:maj,C,maj,,C
1051200,156.48,161.45,G:maj,G,maj,,G
1051200,161.45,162.4,C:maj,C,maj,,C
1051200,162.4,164.42,G:maj,G,maj,,G
1051200,164.42,166.39,C:maj,C,maj,,C
1051200,166.39,168.34,G:maj,G,maj,,G
1051200,168.34,170.3,C:maj,C,maj,,C
1051200,170.3,172.27,G:maj,G,maj,,G
1051200,172.27,173.2,C:maj,C,maj,,C
1051200,173.2,177.24,G:maj,G,maj,,G
1051200,177.24,177.98,C:maj,C,maj,,C
1051200,177.98,180.09,G:maj,G,maj,,G
1051200,180.09,181.02,D:maj/5,D,maj,5,D/5
1051200,181.02,183.16,E:min,E,min,,Em
1051200,183.16,184.06,C:maj,C,maj,,C
1051200,184.06,186.08,G:maj,G,maj,,G
1051200,186.08,187.01,C:maj,C,maj,,C
1051200,187.01,188.52,G:maj,G,maj,,G
1051200,188.52,189.01,D:maj/5,D,maj,5,D/5
1051200,189.01,189.92,C:maj,C,maj,,C
1051200,189.92,191.96,G:maj,G,maj,,G
1051200,191.96,192.86,D:maj,D,maj,,D
1051200,192.86,195.14,E:min,E,min,,Em
1051200,195.14,195.81,C:maj,C,maj,,C
1051200,195.81,197.93,G:maj,G,maj,,G
1051200,197.93,198.67,C:maj,C,maj,,C
1051200,198.67,201.8,G:maj,G,maj,,G
1051200,201.8,202.76,C:maj,C,maj,,C
1051200,202.76,205.73,G:maj,G,maj,,G
1051200,205.73,213.55,C:maj,C,maj,,C
1051200,213.55,224.21,G:maj,G,maj,,G
1051200,224.21,234.48,N,,,,N
1054100,0.0,0.02,N,,,,N
1054100,0.02,8.54,D:maj,D,maj,,D
1054100,8.54,139.48,D:min,D,min,,Dm
1054100,139.48,140.48,G:min,G,min,,Gm
1054100,140.48,142.04,F:maj,F,maj,,F
1054100,142.04,143.59,Bb:maj,Bb,maj,,Bb
1054100,143.59,144.64,G:min/2,G,min,2,Gm/2
1054100,144.64,149.86,D:min,D,min,,Dm
1054100,149.86,151.25,G:min,G,min,,Gm
1054100,151.25,152.3,F:maj,F,maj,,F
1054100,152.3,153.88,Bb:maj,Bb,maj,,Bb
1054100,153.88,155.25,A:min,A,min,,Am
1054100,155.25,222.17,D:min,D,min,,Dm
1054100,222.17,223.24,G:maj,G,maj,,G
1054100,223.24,224.61,F:maj,F,maj,,F
1054100,224.61,226.26,Bb:maj,Bb,maj,,Bb
1054100,226.26,227.18,G:min/2,G,min,2,Gm/2
1054100,227.18,232.41,D:min,D,min,,Dm
1054100,232.41,233.38,G:min,G,min,,Gm
1054100,233.38,234.89,F:maj/2,F,maj,2,F/2
1054100,234.89,236.47,Bb:maj,Bb,maj,,Bb
1054100,236.47,237.52,A:min,A,min,,Am
1054100,237.52,242.74,D:min,D,min,,Dm
1054100,242.74,244.13,G:maj,G,maj,,G
1054100,244.13,245.2,F:maj,F,maj,,F
1054100,245.2,246.9,Bb:maj,Bb,maj,,Bb
1054100,246.9,247.78,A:sus4,A,sus4,,Asus4
1054100,247.78,253.1,D:min,D,min,,Dm
1054100,253.1,254.75,G:min,G,min,,Gm
1054100,254.75,255.51,F:maj,F,maj,,F
1054100,255.51,257.07,Bb:maj,Bb,maj,,Bb
1054100,257.07,258.35,A:sus4,A,sus4,,Asus4
1054100,258.35,263.38,D:min,D,min,,Dm
1054100,263.38,265.94,G:maj,G,maj,,G
1054100,265.94,267.26,Bb:maj,Bb,maj,,Bb
1054100,267.26,268.65,F:maj/3,F,maj,3,F/3
1054100,268.65,273.72,D:min,D,min,,Dm
1054100,273.72,277.52,G:maj,G,maj,,G
1054100,277.52,278.76,F:maj/3,F,maj,3,F/3
1054100,278.76,325.36,D:min,D,min,,Dm
1054100,325.36,326.73,G:maj,G,maj,,G
1054100,326.73,327.82,F:maj,F,maj,,F
1054100,327.82,329.4,Bb:maj,Bb,maj,,Bb
1054100,329.4,330.37,G:min/2,G,min,2,Gm/2
1054100,330.37,335.64,D:min,D,min,,Dm
1054100,335.64,337.06,G:min,G,min,,Gm
1054100,337.06,338.11,F:maj,F,maj,,F
1054100,338.11,339.78,Bb:maj,Bb,maj,,Bb
1054100,339.78,340.71,A:min,A,min,,Am
1054100,340.71,346.0,D:min,D,min,,Dm
1054100,346.0,347.39,G:min,G,min,,Gm
1054100,347.39,348.44,F:maj,F,maj,,F
1054100,348.44,350.02,Bb:maj,Bb,maj,,Bb
1054100,350.02,351.02,A:min,A,min,,Am
1054100,351.02,356.31,D:min,D,min,,Dm
1054100,356.31,357.22,G:maj,G,maj,,G
1054100,357.22,358.75,F:maj/2,F,maj,2,F/2
1054100,358.75,360.33,Bb:maj,Bb,maj,,Bb
1054100,360.33,361.56,A:sus4,A,sus4,,Asus4
1054100,361.56,363.49,D:min/5,D,min,5,Dm/5
1054100,363.49,394.92,D:min,D,min,,Dm
1054100,394.92,397.99,D:maj,D,maj,,D
1054100,397.99,430.01,N,,,,N
1075200,0.0,12.98,N,,,,N
1075200,12.98,26.84,B:min,B,min,,Bm
1075200,26.84,31.23,N,,,,N
1075200,31.23,89.65,B:min,B,min,,Bm
1075200,89.65,93.88,N,,,,N
1075200,93.88,133.84,B:min,B,min,,Bm
1075200,133.84,140.23,N,,,,N
1096800,0.0,0.02,N,,,,N
1096800,0.02,2.39,E:maj,E,maj,,E
1096800,2.39,9.98,N,,,,N
1096800,9.98,12.07,E:maj,E,maj,,E
1096800,12.07,14.7,F#:min,F#,min,,F#m
1096800,14.7,19.67,A:maj,A,maj,,A
1096800,19.67,21.66,E:maj,E,maj,,E
1096800,21.66,24.08,F#:min,F#,min,,F#m
1096800,24.08,31.42,N,,,,N
1096800,31.42,33.55,F#:min,F#,min,,F#m
1096800,33.55,38.36,A:maj,A,maj,,A
1096800,38.36,43.37,E:maj,E,maj,,E
1096800,43.37,46.74,A:maj,A,maj,,A
1096800,46.74,52.8,E:maj,E,maj,,E
1096800,52.8,57.28,A:maj,A,maj,,A
1096800,57.28,62.93,E:maj,E,maj,,E
1096800,62.93,64.74,A:maj,A,maj,,A
1096800,64.74,71.7,E:maj,E,maj,,E
1096800,71.7,76.63,A:maj,A,maj,,A
1096800,76.63,81.48,E:maj,E,maj,,E
1096800,81.48,86.38,A:maj,A,maj,,A
1096800,86.38,91.14,E:maj,E,maj,,E
1096800,91.14,95.48,A:maj,A,maj,,A
1096800,95.48,100.7,E:maj,E,maj,,E
1096800,100.7,105.53,A:maj,A,maj,,A
1096800,105.53,110.39,E:maj,E,maj,,E
1096800,110.39,115.15,A:maj,A,maj,,A
1096800,115.15,119.95,E:maj,E,maj,,E
1096800,119.95,124.76,A:maj,A,maj,,A
1096800,124.76,129.64,E:maj,E,maj,,E
1096800,129.64,134.33,A:maj,A,maj,,A
1096800,134.33,139.13,E:maj,E,maj,,E
1096800,139.13,143.89,A:maj,A,maj,,A
1096800,143.89,148.79,E:maj,E,maj,,E
1096800,148.79,153.32,A:maj,A,maj,,A
1096800,153.32,158.41,E:maj,E,maj,,E
1096800,158.41,160.77,A:maj,A,maj,,A
1096800,160.77,167.93,E:maj,E,maj,,E
1096800,167.93,172.45,A:maj,A,maj,,A
1096800,172.45,177.56,E:maj,E,maj,,E
1096800,177.56,179.88,A:maj,A,maj,,A
1096800,179.88,187.71,E:maj,E,maj,,E
1096800,187.71,191.8,A:maj,A,maj,,A
1096800,191.8,196.79,E:maj,E,maj,,E
1096800,196.79,201.48,A:maj,A,maj,,A
1096800,201.48,206.4,E:maj,E,maj,,E
1096800,206.4,211.14,A:maj,A,maj,,A
1096800,211.14,215.99,E:maj,E,maj,,E
1096800,215.99,220.71,A:maj,A,maj,,A
1096800,220.71,225.54,E:maj,E,maj,,E
1096800,225.54,230.27,A:maj,A,maj,,A
1096800,230.27,235.19,E:maj,E,maj,,E
1096800,235.19,239.51,A:maj,A,maj,,A
1096800,239.51,245.32,E:maj,E,maj,,E
1096800,245.32,249.48,A:maj,A,maj,,A
1096800,249.48,254.37,E:maj,E,maj,,E
1096800,254.37,259.04,A:maj,A,maj,,A
1096800,259.04,263.8,E:maj,E,maj,,E
1096800,263.8,274.99,N,,,,N
1114500,0.0,8.29,N,,,,N
1114500,8.29,16.7,G:min,G,min,,Gm
1114500,16.7,24.96,F#:min,F#,min,,F#m
1114500,24.96,33.39,G:min,G,min,,Gm
1114500,33.39,34.9,D:maj/3,D,maj,3,D/3
1114500,34.9,41.68,D:maj,D,maj,,D
1114500,41.68,50.09,G:min,G,min,,Gm
1114500,50.09,56.87,D:maj/3,D,maj,3,D/3
1114500,56.87,58.37,D:maj,D,maj,,D
1114500,58.37,66.8,G:min,G,min,,Gm
1114500,66.8,75.05,D:maj/3,D,maj,3,D/3
1114500,75.05,83.5,G:min,G,min,,Gm
1114500,83.5,85.01,D:maj/3,D,maj,3,D/3
1114500,85.01,92.23,D:maj,D,maj,,D
1114500,92.23,119.0,G:min,G,min,,Gm
1114500,119.0,124.83,D:maj/3,D,maj,3,D/3
1114500,124.83,127.22,D:maj,D,maj,,D
1114500,127.22,135.72,G:min,G,min,,Gm
1114500,135.72,137.3,D:maj/3,D,maj,3,D/3
1114500,137.3,143.92,D:maj,D,maj,,D
1114500,143.92,152.32,G:min,G,min,,Gm
1114500,152.32,158.1,D:maj/3,D,maj,3,D/3
1114500,158.1,161.15,D:maj,D,maj,,D
1114500,161.15,188.94,G:maj,G,maj,,G
1114500,188.94,192.4,D:min,D,min,,Dm
1114500,192.4,210.42,G:maj,G,maj,,G
1114500,210.42,216.92,N,,,,N
1114500,216.92,256.0,G:min,G,min,,Gm
1114500,256.0,273.39,N,,,,N
1134300,0.0,28.26,N,,,,N
1134300,28.26,31.95,C:maj,C,maj,,C
1134300,31.95,33.67,B:maj,B,maj,,B
1134300,33.67,35.29,D:maj,D,maj,,D
1134300,35.29,37.24,C:maj7,C,maj7,,Cmaj7
1134300,37.24,38.82,A:min,A,min,,Am
1134300,38.82,40.75,G:maj/3,G,maj,3,G/3
1134300,40.75,42.31,D:sus4,D,sus4,,Dsus4
1134300,42.31,43.91,C:maj7,C,maj7,,Cmaj7
1134300,43.91,45.95,C:maj,C,maj,,C
1134300,45.95,47.74,B:min,B,min,,Bm
1134300,47.74,49.48,D:maj,D,maj,,D
1134300,49.48,51.32,C:maj,C,maj,,C
1134300,51.32,52.83,A:maj,A,maj,,A
1134300,52.83,54.64,G:maj/3,G,maj,3,G/3
1134300,54.64,56.31,G:maj/5,G,maj,5,G/5
1134300,56.31,59.84,C:maj,C,maj,,C
1134300,59.84,61.58,E:min,E,min,,Em
1134300,61.58,63.32,G:maj,G,maj,,G
1134300,63.32,66.83,C:maj,C,maj,,C
1134300,66.83,68.59,E:min,E,min,,Em
1134300,68.59,70.38,G:maj,G,maj,,G
1134300,70.38,73.84,C:maj,C,maj,,C
1134300,73.84,75.58,E:min,E,min,,Em
1134300,75.58,77.32,G:maj,G,maj,,G
1134300,77.32,80.88,C:maj,C,maj,,C
1134300,80.88,82.59,E:min,E,min,,Em
1134300,82.59,84.36,G:maj,G,maj,,G
1134300,84.36,87.86,C:maj,C,maj,,C
1134300,87.86,89.61,E:min,E,min,,Em
1134300,89.61,91.32,G:maj,G,maj,,G
1134300,91.32,94.88,C:maj,C,maj,,C
1134300,94.88,96.62,E:min,E,min,,Em
1134300,96.62,98.36,G:maj,G,maj,,G
1134300,98.36,101.94,C:maj,C,maj,,C
1134300,101.94,103.68,E:min/5,E,min,5,Em/5
1134300,103.68,105.35,G:maj/5,G,maj,5,G/5
1134300,105.35,107.67,C:maj,C,maj,,C
1134300,107.67,108.9,A:min,A,min,,Am
1134300,108.9,110.67,E:min/5,E,min,5,Em/5
1134300,110.67,111.48,A:min,A,min,,Am
1134300,111.48,112.36,G:maj,G,maj,,G
1134300,112.36,115.89,C:maj,C,maj,,C
1134300,115.89,117.79,G:maj/3,G,maj,3,G/3
1134300,117.79,119.37,D:maj,D,maj,,D
1134300,119.37,121.05,C:maj,C,maj,,C
1134300,121.05,123.02,A:maj,A,maj,,A
1134300,123.02,124.83,B:min,B,min,,Bm
1134300,124.83,126.36,D:maj,D,maj,,D
1134300,126.36,130.05,C:maj,C,maj,,C
1134300,130.05,131.84,G:maj/3,G,maj,3,G/3
1134300,131.84,133.47,D:maj,D,maj,,D
1134300,133.47,135.28,C:maj,C,maj,,C
1134300,135.28,136.93,A:maj,A,maj,,A
1134300,136.93,138.83,B:min,B,min,,Bm
1134300,138.83,140.41,D:maj,D,maj,,D
1134300,140.41,143.92,C:maj,C,maj,,C
1134300,143.92,145.68,E:min,E,min,,Em
1134300,145.68,147.4,G:maj,G,maj,,G
1134300,147.4,150.93,C:maj,C,maj,,C
1134300,150.93,152.72,E:min,E,min,,Em
1134300,152.72,154.44,G:maj,G,maj,,G
1134300,154.44,157.97,C:maj,C,maj,,C
1134300,157.97,159.71,E:min/5,E,min,5,Em/5
1134300,159.71,161.4,G:maj/5,G,maj,5,G/5
1134300,161.4,163.35,C:maj7,C,maj7,,Cmaj7
1134300,163.35,164.95,A:min,A,min,,Am
1134300,164.95,167.53,E:min/5,E,min,5,Em/5
1134300,167.53,168.37,G:maj,G,maj,,G
1134300,168.37,171.94,C:maj,C,maj,,C
1134300,171.94,173.89,G:maj/3,G,maj,3,G/3
1134300,173.89,175.45,G:maj/5,G,maj,5,G/5
1134300,175.45,177.33,C:maj,C,maj,,C
1134300,177.33,178.96,A:7,A,7,,A7
1134300,178.96,180.81,B:min7,B,min7,,Bm7
1134300,180.81,182.44,D:maj,D,maj,,D
1134300,182.44,186.02,C:maj,C,maj,,C
1134300,186.02,187.92,G:maj/3,G,maj,3,G/3
1134300,187.92,189.47,G:maj/5,G,maj,5,G/5
1134300,189.47,191.33,C:maj,C,maj,,C
1134300,191.33,193.0,A:7,A,7,,A7
1134300,193.0,194.98,B:min7,B,min7,,Bm7
1134300,194.98,196.46,D:maj,D,maj,,D
1134300,196.46,200.18,C:maj,C,maj,,C
1134300,200.18,201.8,E:min,E,min,,Em
1134300,201.8,203.5,D:maj,D,maj,,D
1134300,203.5,207.21,C:maj,C,maj,,C
1134300,207.21,208.96,E:min,E,min,,Em
1134300,208.96,210.42,C:maj/2,C,maj,2,C/2
1134300,210.42,212.28,G:maj,G,maj,,G
1134300,212.28,214.02,G:maj/3,G,maj,3,G/3
1134300,214.02,215.71,G:maj/2,G,maj,2,G/2
1134300,215.71,217.52,G:maj/3,G,maj,3,G/3
1134300,217.52,219.22,G:maj,G,maj,,G
1134300,219.22,221.01,G:maj/3,G,maj,3,G/3
1134300,221.01,222.8,A:sus4,A,sus4,,Asus4
1134300,222.8,224.47,E:min7,E,min7,,Em7
1134300,224.47,226.3,G:maj,G,maj,,G
1134300,226.3,228.09,G:maj/3,G,maj,3,G/3
1134300,228.09,229.76,G:maj/2,G,maj,2,G/2
1134300,229.76,231.5,G:maj/3,G,maj,3,G/3
1134300,231.5,233.43,G:maj,G,maj,,G
1134300,233.43,235.13,G:maj/3,G,maj,3,G/3
1134300,235.13,236.84,A:sus4,A,sus4,,Asus4
1134300,236.84,238.52,E:min7,E,min7,,Em7
1134300,238.52,240.98,G:maj,G,maj,,G
1134300,240.98,255.37,N,,,,N
1159700,0.0,31.14,N,,,,N
1159700,31.14,33.85,D:min,D,min,,Dm
1159700,33.85,34.81,C:maj,C,maj,,C
1159700,34.81,37.62,A:min,A,min,,Am
1159700,37.62,41.15,D:min,D,min,,Dm
1159700,41.15,42.19,C:maj,C,maj,,C
1159700,42.19,44.88,A:min,A,min,,Am
1159700,44.88,48.62,D:min,D,min,,Dm
1159700,48.62,49.55,C:maj,C,maj,,C
1159700,49.55,51.36,A:min,A,min,,Am
1159700,51.36,56.01,D:min,D,min,,Dm
1159700,56.01,56.98,C:maj,C,maj,,C
1159700,56.98,57.96,A:min,A,min,,Am
1159700,57.96,63.44,D:min,D,min,,Dm
1159700,63.44,64.37,C:maj,C,maj,,C
1159700,64.37,66.2,A:min,A,min,,Am
1159700,66.2,70.87,D:min,D,min,,Dm
1159700,70.87,71.8,C:maj,C,maj,,C
1159700,71.8,73.63,A:min,A,min,,Am
1159700,73.63,74.42,F:maj,F,maj,,F
1159700,74.42,78.16,D:min,D,min,,Dm
1159700,78.16,79.09,C:maj,C,maj,,C
1159700,79.09,80.94,A:min,A,min,,Am
1159700,80.94,85.57,D:min,D,min,,Dm
1159700,85.57,86.54,C:maj,C,maj,,C
1159700,86.54,88.33,A:min,A,min,,Am
1159700,88.33,92.21,D:min,D,min,,Dm
1159700,92.21,92.97,F:maj,F,maj,,F
1159700,92.97,93.86,C:maj,C,maj,,C
1159700,93.86,95.71,A:min,A,min,,Am
1159700,95.71,96.57,F:maj,F,maj,,F
1159700,96.57,100.31,D:min,D,min,,Dm
1159700,100.31,101.33,C:maj,C,maj,,C
1159700,101.33,103.05,A:min,A,min,,Am
1159700,103.05,103.98,F:maj,F,maj,,F
1159700,103.98,107.76,D:min,D,min,,Dm
1159700,107.76,108.69,C:maj,C,maj,,C
1159700,108.69,110.5,A:min,A,min,,Am
1159700,110.5,111.36,F:maj,F,maj,,F
1159700,111.36,115.1,D:min,D,min,,Dm
1159700,115.1,116.05,C:maj,C,maj,,C
1159700,116.05,117.89,A:min,A,min,,Am
1159700,117.89,122.46,D:min,D,min,,Dm
1159700,122.46,123.41,C:maj,C,maj,,C
1159700,123.41,125.29,A:min,A,min,,Am
1159700,125.29,126.08,F:maj,F,maj,,F
1159700,126.08,129.08,D:min,D,min,,Dm
1159700,129.08,129.87,F:maj,F,maj,,F
1159700,129.87,130.75,C:maj,C,maj,,C
1159700,130.75,132.63,A:min,A,min,,Am
1159700,132.63,145.08,D:min,D,min,,Dm
1159700,145.08,167.39,N,,,,N
1169400,0.0,6.2,N,,,,N
1169400,6.2,47.95,Eb:maj,Eb,maj,,Eb
1169400,47.95,51.8,F:maj,F,maj,,F
1169400,51.8,77.95,Eb:maj,Eb,maj,,Eb
1169400,77.95,81.8,F:maj,F,maj,,F
1169400,81.8,88.38,B:maj,B,maj,,B
1169400,88.38,89.75,Bb:maj,Bb,maj,,Bb
1169400,89.75,93.65,F:maj,F,maj,,F
1169400,93.65,99.99,B:maj,B,maj,,B
1169400,99.99,101.59,Bb:min,Bb,min,,Bbm
1169400,101.59,105.44,F:maj,F,maj,,F
1169400,105.44,131.59,Eb:maj,Eb,maj,,Eb
1169400,131.59,135.44,F:maj,F,maj,,F
1169400,135.44,141.87,B:maj,B,maj,,B
1169400,141.87,143.38,Bb:maj,Bb,maj,,Bb
1169400,143.38,147.24,F:maj,F,maj,,F
1169400,147.24,153.67,B:maj,B,maj,,B
1169400,153.67,155.2,Bb:min,Bb,min,,Bbm
1169400,155.2,159.08,F:min,F,min,,Fm
1169400,159.08,210.79,Eb:maj,Eb,maj,,Eb
1169400,210.79,213.6,F:min,F,min,,Fm
1169400,213.6,215.71,Eb:maj,Eb,maj,,Eb
1169400,215.71,218.87,B:maj,B,maj,,B
1169400,218.87,222.12,Eb:maj,Eb,maj,,Eb
1169400,222.12,225.3,B:maj,B,maj,,B
1169400,225.3,228.53,Eb:maj,Eb,maj,,Eb
1169400,228.53,230.78,B:maj,B,maj,,B
1169400,230.78,231.74,E:maj,E,maj,,E
1169400,231.74,234.89,Eb:maj,Eb,maj,,Eb
1169400,234.89,237.17,B:maj,B,maj,,B
1169400,237.17,238.1,E:maj,E,maj,,E
1169400,238.1,241.3,Eb:min,Eb,min,,Ebm
1169400,241.3,243.62,B:maj,B,maj,,B
1169400,243.62,244.51,E:maj,E,maj,,E
1169400,244.51,247.71,Eb:maj,Eb,maj,,Eb
1169400,247.71,249.94,B:maj,B,maj,,B
1169400,249.94,250.89,E:maj,E,maj,,E
1169400,250.89,254.1,Eb:maj,Eb,maj,,Eb
1169400,254.1,256.44,B:maj,B,maj,,B
1169400,256.44,257.28,E:maj,E,maj,,E
1169400,257.28,260.5,Eb:maj,Eb,maj,,Eb
1169400,260.5,262.73,B:maj,B,maj,,B
1169400,262.73,263.69,E:maj,E,maj,,E
1169400,263.69,266.91,Eb:maj,Eb,maj,,Eb
1169400,266.91,269.35,B:maj,B,maj,,B
1169400,269.35,270.12,E:maj,E,maj,,E
1169400,270.12,273.32,Eb:maj,Eb,maj,,Eb
1169400,273.32,275.69,B:maj,B,maj,,B
1169400,275.69,276.6,E:maj,E,maj,,E
1169400,276.6,279.78,Eb:min,Eb,min,,Ebm
1169400,279.78,282.24,B:maj,B,maj,,B
1169400,282.24,282.96,E:maj,E,maj,,E
1169400,282.96,286.14,Eb:min,Eb,min,,Ebm
1169400,286.14,289.3,B:maj,B,maj,,B
1169400,289.3,292.46,Eb:min,Eb,min,,Ebm
1169400,292.46,295.68,B:maj,B,maj,,B
1169400,295.68,299.89,Eb:min,Eb,min,,Ebm
1400600,0.0,4.78,N,,,,N
1400600,4.78,7.2,C#:min,C#,min,,C#m
1400600,7.2,8.5,A:maj,A,maj,,A
1400600,8.5,9.59,B:maj,B,maj,,B
1400600,9.59,12.0,C#:min,C#,min,,C#m
1400600,12.0,13.31,A:maj,A,maj,,A
1400600,13.31,14.42,B:maj,B,maj,,B
1400600,14.42,16.81,C#:min,C#,min,,C#m
1400600,16.81,18.07,A:maj,A,maj,,A
1400600,18.07,19.18,B:maj,B,maj,,B
1400600,19.18,21.59,C#:min,C#,min,,C#m
1400600,21.59,22.83,A:maj,A,maj,,A
1400600,22.83,23.96,B:maj,B,maj,,B
1400600,23.96,26.42,C#:min,C#,min,,C#m
1400600,26.42,28.79,B:maj,B,maj,,B
1400600,28.79,31.21,C#:min,C#,min,,C#m
1400600,31.21,33.62,B:maj,B,maj,,B
1400600,33.62,34.83,A:maj,A,maj,,A
1400600,34.83,35.99,B:maj,B,maj,,B
1400600,35.99,43.21,C#:min,C#,min,,C#m
1400600,43.21,45.58,B:maj,B,maj,,B
1400600,45.58,48.0,C#:min,C#,min,,C#m
1400600,48.0,50.41,B:maj,B,maj,,B
1400600,50.41,51.73,A:maj,A,maj,,A
1400600,51.73,52.8,B:maj,B,maj,,B
1400600,52.8,55.19,C#:min,C#,min,,C#m
1400600,55.19,56.45,A:maj,A,maj,,A
1400600,56.45,57.59,B:maj,B,maj,,B
1400600,57.59,60.02,A:maj,A,maj,,A
1400600,60.02,62.37,B:maj,B,maj,,B
1400600,62.37,64.78,A:maj,A,maj,,A
1400600,64.78,67.18,B:maj,B,maj,,B
1400600,67.18,69.61,C#:min,C#,min,,C#m
1400600,69.61,70.89,A:maj,A,maj,,A
1400600,70.89,72.01,B:maj,B,maj,,B
1400600,72.01,74.37,A:maj,A,maj,,A
1400600,74.37,76.81,B:maj,B,maj,,B
1400600,76.81,79.2,A:maj,A,maj,,A
1400600,79.2,81.62,B:maj,B,maj,,B
1400600,81.62,84.01,C#:min,C#,min,,C#m
1400600,84.01,85.33,A:maj,A,maj,,A
1400600,85.33,86.42,B:maj,B,maj,,B
1400600,86.42,88.82,C#:min,C#,min,,C#m
1400600,88.82,90.02,A:maj,A,maj,,A
1400600,90.02,91.23,B:maj,B,maj,,B
1400600,91.23,93.62,C#:min,C#,min,,C#m
1400600,93.62,94.88,A:maj,A,maj,,A
1400600,94.88,95.99,B:maj,B,maj,,B
1400600,95.99,98.43,C#:min,C#,min,,C#m
1400600,98.43,99.73,F#:min,F#,min,,F#m
1400600,99.73,100.82,B:maj,B,maj,,B
1400600,100.82,103.26,C#:min,C#,min,,C#m
1400600,103.26,105.56,B:maj,B,maj,,B
1400600,105.56,108.0,C#:min,C#,min,,C#m
1400600,108.0,110.55,B:maj,B,maj,,B
1400600,110.55,111.76,A:maj,A,maj,,A
1400600,111.76,117.63,B:maj,B,maj,,B
1400600,117.63,120.02,C#:min,C#,min,,C#m
1400600,120.02,122.44,B:maj,B,maj,,B
1400600,122.44,124.81,C#:min,C#,min,,C#m
1400600,124.81,127.25,B:maj,B,maj,,B
1400600,127.25,128.55,A:maj,A,maj,,A
1400600,128.55,129.61,B:maj,B,maj,,B
1400600,129.61,132.03,C#:min,C#,min,,C#m
1400600,132.03,133.26,A:maj,A,maj,,A
1400600,133.26,134.37,B:maj,B,maj,,B
1400600,134.37,136.84,A:maj,A,maj,,A
1400600,136.84,139.27,B:maj,B,maj,,B
1400600,139.27,141.62,A:maj7,A,maj7,,Amaj7
1400600,141.62,144.01,B:maj,B,maj,,B
1400600,144.01,146.45,C#:min,C#,min,,C#m
1400600,146.45,147.73,A:maj,A,maj,,A
1400600,147.73,148.82,E:maj/5,E,maj,5,E/5
1400600,148.82,151.21,A:maj,A,maj,,A
1400600,151.21,153.76,B:maj,B,maj,,B
1400600,153.76,156.6,C#:min,C#,min,,C#m
1400600,156.6,158.31,B:maj,B,maj,,B
1400600,158.31,160.91,C#:min,C#,min,,C#m
1400600,160.91,162.1,A:maj,A,maj,,A
1400600,162.1,163.21,A:maj/2,A,maj,2,A/2
1400600,163.21,165.65,C#:min,C#,min,,C#m
1400600,165.65,167.02,A:maj,A,maj,,A
1400600,167.02,168.14,B:maj,B,maj,,B
1400600,168.14,170.43,C#:min,C#,min,,C#m
1400600,170.43,171.76,A:maj,A,maj,,A
1400600,171.76,172.8,E:maj/5,E,maj,5,E/5
1400600,172.8,175.24,C#:min,C#,min,,C#m
1400600,175.24,176.54,A:maj,A,maj,,A
1400600,176.54,177.68,B:maj,B,maj,,B
1400600,177.68,187.36,F#:min,F#,min,,F#m
1400600,187.36,189.73,C#:min,C#,min,,C#m
1400600,189.73,190.94,A:maj,A,maj,,A
1400600,190.94,192.01,A:maj/2,A,maj,2,A/2
1400600,192.01,194.49,C#:min,C#,min,,C#m
1400600,194.49,195.79,A:maj,A,maj,,A
1400600,195.79,196.95,B:maj,B,maj,,B
1400600,196.95,199.23,C#:min,C#,min,,C#m
1400600,199.23,200.39,A:maj,A,maj,,A
1400600,200.39,201.78,E:maj/5,E,maj,5,E/5
1400600,201.78,203.94,C#:min,C#,min,,C#m
1400600,203.94,205.24,A:maj,A,maj,,A
1400600,205.24,209.79,B:maj,B,maj,,B
1400600,209.79,230.46,N,,,,N
477400,0.0,1.7,N,,,,N
477400,1.7,3.11,Ab:maj/5,Ab,maj,5,Ab/5
477400,3.11,6.5,Eb:maj,Eb,maj,,Eb
477400,6.5,8.59,G:maj,G,maj,,G
477400,8.59,10.8,E:min,E,min,,Em
477400,10.8,15.3,Eb:maj,Eb,maj,,Eb
477400,15.3,20.09,G:maj,G,maj,,G
477400,20.09,25.29,F#:maj,F#,maj,,F#
477400,25.29,28.72,Bb:min,Bb,min,,Bbm
477400,28.72,30.79,F:maj,F,maj,,F
477400,30.79,33.41,F:maj/3,F,maj,3,F/3
477400,33.41,35.06,E:min/5,E,min,5,Em/5
477400,35.06,39.96,B:7,B,7,,B7
477400,39.96,44.47,Eb:maj,Eb,maj,,Eb
477400,44.47,49.39,G:maj,G,maj,,G
477400,49.39,55.36,F#:maj,F#,maj,,F#
477400,55.36,57.49,Bb:min/5,Bb,min,5,Bbm/5
477400,57.49,63.09,F#:maj,F#,maj,,F#
477400,63.09,67.06,Bb:min,Bb,min,,Bbm
477400,67.06,67.76,C:maj,C,maj,,C
477400,67.76,73.07,A:min,A,min,,Am
477400,73.07,79.9,B:7,B,7,,B7
477400,79.9,82.64,Ab:min/5,Ab,min,5,Abm/5
477400,82.64,84.33,G:maj,G,maj,,G
477400,84.33,86.24,E:min,E,min,,Em
477400,86.24,87.28,C:maj/5,C,maj,5,C/5
477400,87.28,93.41,Eb:maj,Eb,maj,,Eb
477400,93.41,96.29,G:min,G,min,,Gm
477400,96.29,96.94,C#:dim,C#,dim,,C#dim
477400,96.94,101.61,F#:maj,F#,maj,,F#
477400,101.61,106.18,Bb:min,Bb,min,,Bbm
477400,106.18,111.66,A:min,A,min,,Am
477400,111.66,120.37,B:7,B,7,,B7
477400,120.37,123.83,N,,,,N
565800,0.0,5.57,N,,,,N
565800,5.57,9.43,Eb:maj,Eb,maj,,Eb
565800,9.43,10.98,G:min7,G,min7,,Gm7
565800,10.98,15.09,A:min7,A,min7,,Am7
565800,15.09,16.32,G:min,G,min,,Gm
565800,16.32,20.5,Eb:maj7,Eb,maj7,,Ebmaj7
565800,20.5,21.5,G:min7,G,min7,,Gm7
565800,21.5,22.94,F:maj/3,F,maj,3,F/3
565800,22.94,24.26,G:min7,G,min7,,Gm7
565800,24.26,25.61,D:min7,D,min7,,Dm7
565800,25.61,27.07,G:min7,G,min7,,Gm7
565800,27.07,28.44,Eb:maj7,Eb,maj7,,Ebmaj7
565800,28.44,35.09,G:min7,G,min7,,Gm7
565800,35.09,35.97,D:min7,D,min7,,Dm7
565800,35.97,38.71,G:min,G,min,,Gm
565800,38.71,40.47,C:min7,C,min7,,Cm7
565800,40.47,43.03,G:min7,G,min7,,Gm7
565800,43.03,44.21,F:maj/2,F,maj,2,F/2
565800,44.21,45.65,C:7,C,7,,C7
565800,45.65,46.88,F:7,F,7,,F7
565800,46.88,49.32,G:min,G,min,,Gm
565800,49.32,53.68,G:min7,G,min7,,Gm7
565800,53.68,55.15,C:7,C,7,,C7
565800,55.15,66.99,G:min7,G,min7,,Gm7
565800,66.99,67.99,F:7,F,7,,F7
565800,67.99,70.94,G:min7,G,min7,,Gm7
565800,70.94,72.28,C:min7,C,min7,,Cm7
565800,72.28,75.0,G:min7,G,min7,,Gm7
565800,75.0,76.18,A:min7,A,min7,,Am7
565800,76.18,77.42,G:min7,G,min7,,Gm7
565800,77.42,80.02,F:7,F,7,,F7
565800,80.02,81.32,Eb:maj/5,Eb,maj,5,Eb/5
565800,81.32,82.99,C:min7,C,min7,,Cm7
565800,82.99,88.26,G:min7,G,min7,,Gm7
565800,88.26,89.61,F:maj/3,F,maj,3,F/3
565800,89.61,90.93,G:min,G,min,,Gm
565800,90.93,92.02,Eb:maj/3,Eb,maj,3,Eb/3
565800,92.02,93.34,C:min7,C,min7,,Cm7
565800,93.34,96.04,C:min/5,C,min,5,Cm/5
565800,96.04,97.15,F:maj/3,F,maj,3,F/3
565800,97.15,101.47,C:7,C,7,,C7
565800,101.47,102.75,Eb:maj/5,Eb,maj,5,Eb/5
565800,102.75,105.35,C:min/5,C,min,5,Cm/5
565800,105.35,109.34,G:min7,G,min7,,Gm7
565800,109.34,111.13,F:7,F,7,,F7
565800,111.13,112.04,G:min7,G,min7,,Gm7
565800,112.04,113.38,Eb:maj/5,Eb,maj,5,Eb/5
565800,113.38,114.96,C:min7,C,min7,,Cm7
565800,114.96,120.23,G:min7,G,min7,,Gm7
565800,120.23,121.74,F:7,F,7,,F7
565800,121.74,122.81,G:min7,G,min7,,Gm7
565800,122.81,124.02,Bb:maj,Bb,maj,,Bb
565800,124.02,125.62,C:min7,C,min7,,Cm7
565800,125.62,130.71,G:min7,G,min7,,Gm7
565800,130.71,131.94,F:7,F,7,,F7
565800,131.94,138.95,G:min7,G,min7,,Gm7
565800,138.95,140.29,F:7,F,7,,F7
565800,140.29,141.32,G:min7,G,min7,,Gm7
565800,141.32,143.1,F:7,F,7,,F7
565800,143.1,144.06,G:min7,G,min7,,Gm7
565800,144.06,145.36,Eb:maj/5,Eb,maj,5,Eb/5
565800,145.36,146.7,C:min7,C,min7,,Cm7
565800,146.7,152.09,G:min7,G,min7,,Gm7
565800,152.09,153.3,F:7,F,7,,F7
565800,153.3,162.26,G:min7,G,min7,,Gm7
565800,162.26,164.14,F:7,F,7,,F7
565800,164.14,173.48,G:min7,G,min7,,Gm7
565800,173.48,175.98,F:maj7,F,maj7,,Fmaj7
565800,175.98,178.65,Bb:maj7,Bb,maj7,,Bbmaj7
565800,178.65,181.63,G:min7,G,min7,,Gm7
565800,181.63,182.9,F:maj/3,F,maj,3,F/3
565800,182.9,183.95,G:min7,G,min7,,Gm7
565800,183.95,186.62,F:maj,F,maj,,F
565800,186.62,189.15,Bb:maj7,Bb,maj7,,Bbmaj7
565800,189.15,197.51,N,,,,N
659900,0.0,0.93,N,,,,N
659900,0.93,3.62,F:min,F,min,,Fm
659900,3.62,9.73,C#:maj,C#,maj,,C#
659900,9.73,28.77,C#:7,C#,7,,C#7
659900,28.77,32.95,Ab:7,Ab,7,,Ab7
659900,32.95,35.62,F:min7,F,min7,,Fm7
659900,35.62,39.08,Bb:7,Bb,7,,Bb7
659900,39.08,41.45,C#:maj7,C#,maj7,,C#maj7
659900,41.45,45.33,C#:7,C#,7,,C#7
659900,45.33,47.44,F:min/5,F,min,5,Fm/5
659900,47.44,48.72,Ab:7,Ab,7,,Ab7
659900,48.72,52.2,Bb:7,Bb,7,,Bb7
659900,52.2,56.24,C#:maj7,C#,maj7,,C#maj7
659900,56.24,65.48,Bb:min7,Bb,min7,,Bbm7
659900,65.48,67.38,Ab:maj/2,Ab,maj,2,Ab/2
659900,67.38,82.01,C#:7,C#,7,,C#7
659900,82.01,84.61,Bb:min7,Bb,min7,,Bbm7
659900,84.61,91.28,C#:7,C#,7,,C#7
659900,91.28,97.87,Ab:7,Ab,7,,Ab7
659900,97.87,100.52,F:min7,F,min7,,Fm7
659900,100.52,103.89,Bb:7,Bb,7,,Bb7
659900,103.89,107.02,C#:maj/5,C#,maj,5,C#/5
659900,107.02,109.06,C#:7,C#,7,,C#7
659900,109.06,110.23,C:min7,C,min7,,Cm7
659900,110.23,113.85,F:min/5,F,min,5,Fm/5
659900,113.85,117.08,Bb:7,Bb,7,,Bb7
659900,117.08,119.37,C#:maj7,C#,maj7,,C#maj7
659900,119.37,121.93,C#:maj,C#,maj,,C#
659900,121.93,136.49,Bb:min7,Bb,min7,,Bbm7
659900,136.49,147.52,N,,,,N
683800,0.0,30.07,N,,,,N
683800,30.07,31.83,F:maj/3,F,maj,3,F/3
683800,31.83,33.32,Bb:maj,Bb,maj,,Bb
683800,33.32,36.48,C:maj,C,maj,,C
683800,36.48,38.06,F:maj/3,F,maj,3,F/3
683800,38.06,39.59,Bb:maj,Bb,maj,,Bb
683800,39.59,42.84,F:maj/5,F,maj,5,F/5
683800,42.84,44.4,F:maj/3,F,maj,3,F/3
683800,44.4,45.91,Bb:maj,Bb,maj,,Bb
683800,45.91,47.65,C:maj,C,maj,,C
683800,47.65,49.11,A:maj/3,A,maj,3,A/3
683800,49.11,50.92,D:min,D,min,,Dm
683800,50.92,52.29,F:maj/b7,F,maj,b7,F/b7
683800,52.29,55.54,Bb:maj,Bb,maj,,Bb
683800,55.54,57.1,F:maj/3,F,maj,3,F/3
683800,57.1,58.68,Bb:maj,Bb,maj,,Bb
683800,58.68,61.83,C:maj,C,maj,,C
683800,61.83,63.41,F:maj/3,F,maj,3,F/3
683800,63.41,65.02,Bb:maj,Bb,maj,,Bb
683800,65.02,66.53,F:maj/5,F,maj,5,F/5
683800,66.53,68.24,C:maj,C,maj,,C
683800,68.24,69.8,F:maj/3,F,maj,3,F/3
683800,69.8,71.33,Bb:maj,Bb,maj,,Bb
683800,71.33,73.07,C:maj,C,maj,,C
683800,73.07,74.51,C#:dim,C#,dim,,C#dim
683800,74.51,76.35,D:min,D,min,,Dm
683800,76.35,77.72,F:maj/b7,F,maj,b7,F/b7
683800,77.72,82.48,Bb:maj,Bb,maj,,Bb
683800,82.48,84.08,F:maj/3,F,maj,3,F/3
683800,84.08,87.31,G:min7,G,min7,,Gm7
683800,87.31,88.86,Bb:maj,Bb,maj,,Bb
683800,88.86,90.42,F:maj/3,F,maj,3,F/3
683800,90.42,93.6,G:min7,G,min7,,Gm7
683800,93.6,96.78,C:7,C,7,,C7
683800,96.78,99.82,Bb:maj,Bb,maj,,Bb
683800,99.82,106.37,C:maj,C,maj,,C
683800,106.37,110.02,F:maj,F,maj,,F
683800,110.02,112.64,Bb:maj/5,Bb,maj,5,Bb/5
683800,112.64,114.34,F:maj,F,maj,,F
683800,114.34,115.89,C:maj/3,C,maj,3,C/3
683800,115.89,119.05,Bb:maj,Bb,maj,,Bb
683800,119.05,120.65,F:maj/3,F,maj,3,F/3
683800,120.65,122.23,Bb:maj,Bb,maj,,Bb
683800,122.23,123.37,C:sus4,C,sus4,,Csus4
683800,123.37,125.41,C:maj,C,maj,,C
683800,125.41,127.01,F:maj/3,F,maj,3,F/3
683800,127.01,128.59,Bb:maj,Bb,maj,,Bb
683800,128.59,129.75,F:maj/5,F,maj,5,F/5
683800,129.75,131.77,C:maj,C,maj,,C
683800,131.77,133.38,F:maj/3,F,maj,3,F/3
683800,133.38,134.95,Bb:maj,Bb,maj,,Bb
683800,134.95,136.56,C:sus4,C,sus4,,Csus4
683800,136.56,138.11,C#:dim,C#,dim,,C#dim
683800,138.11,139.74,D:min,D,min,,Dm
683800,139.74,141.29,Eb:maj,Eb,maj,,Eb
683800,141.29,144.52,Bb:maj,Bb,maj,,Bb
683800,144.52,146.08,F:maj/3,F,maj,3,F/3
683800,146.08,147.68,Bb:maj,Bb,maj,,Bb
683800,147.68,150.84,C:maj,C,maj,,C
683800,150.84,152.46,F:maj/3,F,maj,3,F/3
683800,152.46,154.04,Bb:maj,Bb,maj,,Bb
683800,154.04,157.22,C:maj,C,maj,,C
683800,157.22,158.78,F:maj/3,F,maj,3,F/3
683800,158.78,160.33,Bb:maj,Bb,maj,,Bb
683800,160.33,162.01,C:maj,C,maj,,C
683800,162.01,163.54,C#:dim,C#,dim,,C#dim
683800,163.54,165.19,D:min,D,min,,Dm
683800,165.19,166.74,Eb:maj,Eb,maj,,Eb
683800,166.74,171.53,Bb:maj,Bb,maj,,Bb
683800,171.53,173.06,F:maj/3,F,maj,3,F/3
683800,173.06,176.29,G:min,G,min,,Gm
683800,176.29,177.89,Bb:maj,Bb,maj,,Bb
683800,177.89,179.47,F:maj/3,F,maj,3,F/3
683800,179.47,182.67,G:min7,G,min7,,Gm7
683800,182.67,185.76,C:sus4,C,sus4,,Csus4
683800,185.76,188.92,Bb:maj,Bb,maj,,Bb
683800,188.92,199.27,C:maj,C,maj,,C
683800,199.27,204.87,Bb:maj,Bb,maj,,Bb
683800,204.87,211.26,D:min,D,min,,Dm
683800,211.26,217.5,Bb:maj,Bb,maj,,Bb
683800,217.5,221.08,D:min,D,min,,Dm
683800,221.08,223.72,D:min7,D,min7,,Dm7
683800,223.72,229.97,Bb:maj,Bb,maj,,Bb
683800,229.97,236.17,D:min,D,min,,Dm
683800,236.17,242.35,Bb:maj,Bb,maj,,Bb
683800,242.35,248.52,D:min,D,min,,Dm
683800,248.52,254.63,Bb:maj,Bb,maj,,Bb
683800,254.63,260.69,D:min,D,min,,Dm
683800,260.69,266.82,Bb:maj,Bb,maj,,Bb
683800,266.82,272.79,D:min,D,min,,Dm
683800,272.79,284.77,C:maj,C,maj,,C
683800,284.77,290.71,Bb:maj,Bb,maj,,Bb
683800,290.71,296.66,D:min,D,min,,Dm
683800,296.66,302.49,Bb:maj,Bb,maj,,Bb
683800,302.49,308.45,D:min,D,min,,Dm
683800,308.45,314.26,Bb:maj,Bb,maj,,Bb
683800,314.26,320.11,D:min,D,min,,Dm
683800,320.11,325.94,Bb:maj,Bb,maj,,Bb
683800,325.94,331.7,D:min,D,min,,Dm
683800,331.7,343.12,C:maj,C,maj,,C
683800,343.12,360.35,D:min,D,min,,Dm
683800,360.35,367.01,Bb:maj,Bb,maj,,Bb
683800,367.01,386.77,N,,,,N
881100,0.0,2.21,N,,,,N
881100,2.21,33.81,C:min,C,min,,Cm
881100,33.81,35.34,Eb:maj,Eb,maj,,Eb
881100,35.34,36.87,Bb:maj,Bb,maj,,Bb
881100,36.87,47.25,C:min,C,min,,Cm
881100,47.25,48.95,Eb:maj,Eb,maj,,Eb
881100,48.95,50.48,Bb:maj,Bb,maj,,Bb
881100,50.48,61.07,C:min,C,min,,Cm
881100,61.07,62.76,Eb:maj,Eb,maj,,Eb
881100,62.76,64.34,Bb:maj,Bb,maj,,Bb
881100,64.34,74.7,C:min,C,min,,Cm
881100,74.7,76.53,Eb:maj,Eb,maj,,Eb
881100,76.53,77.9,Bb:maj,Bb,maj,,Bb
881100,77.9,80.62,C:min,C,min,,Cm
881100,80.62,81.43,D:maj,D,maj,,D
881100,81.43,88.28,Eb:maj,Eb,maj,,Eb
881100,88.28,95.13,D:maj,D,maj,,D
881100,95.13,102.03,Eb:maj,Eb,maj,,Eb
881100,102.03,108.88,Bb:maj/3,Bb,maj,3,Bb/3
881100,108.88,115.73,Eb:maj,Eb,maj,,Eb
881100,115.73,122.55,D:maj,D,maj,,D
881100,122.55,129.45,Eb:maj,Eb,maj,,Eb
881100,129.45,136.19,Bb:maj/3,Bb,maj,3,Bb/3
881100,136.19,143.15,C:min,C,min,,Cm
881100,143.15,145.12,Eb:maj,Eb,maj,,Eb
881100,145.12,146.49,Bb:maj,Bb,maj,,Bb
881100,146.49,156.85,C:min,C,min,,Cm
881100,156.85,158.82,Eb:maj,Eb,maj,,Eb
881100,158.82,160.19,Bb:maj,Bb,maj,,Bb
881100,160.19,170.62,C:min,C,min,,Cm
881100,170.62,172.29,Eb:maj,Eb,maj,,Eb
881100,172.29,174.08,Bb:maj,Bb,maj,,Bb
881100,174.08,184.46,C:min7,C,min7,,Cm7
881100,184.46,186.15,Eb:maj,Eb,maj,,Eb
881100,186.15,187.76,Bb:maj,Bb,maj,,Bb
881100,187.76,198.32,C:min7,C,min7,,Cm7
881100,198.32,199.99,Eb:maj,Eb,maj,,Eb
881100,199.99,201.25,Bb:maj,Bb,maj,,Bb
881100,201.25,205.52,C:min,C,min,,Cm
881100,205.52,211.84,C:min7,C,min7,,Cm7
881100,211.84,213.55,Eb:maj,Eb,maj,,Eb
881100,213.55,215.13,Bb:maj,Bb,maj,,Bb
881100,215.13,223.77,C:min7,C,min7,,Cm7
881100,223.77,225.86,C:min,C,min,,Cm
881100,225.86,227.37,Eb:maj,Eb,maj,,Eb
881100,227.37,228.65,Bb:maj,Bb,maj,,Bb
881100,228.65,231.55,C:min,C,min,,Cm
881100,231.55,232.27,D:maj,D,maj,,D
881100,232.27,239.17,Eb:maj,Eb,maj,,Eb
881100,239.17,245.99,D:maj,D,maj,,D
881100,245.99,252.93,Eb:maj,Eb,maj,,Eb
881100,252.93,259.72,Bb:maj/3,Bb,maj,3,Bb/3
881100,259.72,266.61,Eb:maj,Eb,maj,,Eb
881100,266.61,273.41,D:maj,D,maj,,D
881100,273.41,280.36,Eb:maj,Eb,maj,,Eb
881100,280.36,287.02,Bb:maj/3,Bb,maj,3,Bb/3
881100,287.02,289.58,C:min,C,min,,Cm
881100,289.58,293.89,C:min7,C,min7,,Cm7
881100,293.89,295.73,Eb:maj,Eb,maj,,Eb
881100,295.73,297.31,Bb:maj,Bb,maj,,Bb
881100,297.31,307.62,C:min,C,min,,Cm
881100,307.62,309.48,Eb:maj,Eb,maj,,Eb
881100,309.48,311.01,Bb:maj,Bb,maj,,Bb
881100,311.01,321.34,C:min,C,min,,Cm
881100,321.34,323.13,Eb:maj,Eb,maj,,Eb
881100,323.13,324.73,Bb:maj,Bb,maj,,Bb
881100,324.73,335.06,C:min,C,min,,Cm
881100,335.06,336.92,Eb:maj,Eb,maj,,Eb
881100,336.92,338.43,Bb:maj,Bb,maj,,Bb
881100,338.43,376.09,C:min,C,min,,Cm
881100,376.09,383.06,C:maj,C,maj,,C
881100,383.06,417.82,C:min,C,min,,Cm
881100,417.82,419.35,C:min/b3,C,min,b3,Cm/b3
881100,419.35,420.72,Bb:maj,Bb,maj,,Bb
881100,420.72,431.64,C:min,C,min,,Cm
881100,431.64,433.05,Eb:maj,Eb,maj,,Eb
881100,433.05,434.56,Bb:maj,Bb,maj,,Bb
881100,434.56,445.1,C:min7,C,min7,,Cm7
881100,445.1,446.68,Eb:maj,Eb,maj,,Eb
881100,446.68,448.12,Eb:maj/5,Eb,maj,5,Eb/5
881100,448.12,458.99,C:min7,C,min7,,Cm7
881100,458.99,460.52,Eb:maj,Eb,maj,,Eb
881100,460.52,461.91,Bb:maj,Bb,maj,,Bb
881100,461.91,472.36,C:min7,C,min7,,Cm7
881100,472.36,474.2,Eb:maj,Eb,maj,,Eb
881100,474.2,475.52,Eb:maj/5,Eb,maj,5,Eb/5
881100,475.52,478.45,C:min,C,min,,Cm
881100,478.45,479.12,D:maj,D,maj,,D
881100,479.12,486.04,Eb:maj,Eb,maj,,Eb
881100,486.04,492.87,D:maj,D,maj,,D
881100,492.87,499.74,Eb:maj,Eb,maj,,Eb
881100,499.74,506.59,Bb:maj/3,Bb,maj,3,Bb/3
881100,506.59,513.46,Eb:maj,Eb,maj,,Eb
881100,513.46,520.27,D:maj,D,maj,,D
881100,520.27,527.16,Eb:maj,Eb,maj,,Eb
881100,527.16,533.92,Bb:maj/3,Bb,maj,3,Bb/3
881100,533.92,537.22,C:min,C,min,,Cm
881100,537.22,540.75,C:min7,C,min7,,Cm7
881100,540.75,542.53,Eb:maj,Eb,maj,,Eb
881100,542.53,544.18,Bb:maj,Bb,maj,,Bb
881100,544.18,554.49,C:min,C,min,,Cm
881100,554.49,556.3,Eb:maj,Eb,maj,,Eb
881100,556.3,557.86,Bb:maj,Bb,maj,,Bb
881100,557.86,564.66,C:min,C,min,,Cm
881100,564.66,568.17,C:min7,C,min7,,Cm7
881100,568.17,569.98,Eb:maj,Eb,maj,,Eb
881100,569.98,571.61,Bb:maj,Bb,maj,,Bb
881100,571.61,578.85,C:min,C,min,,Cm
881100,578.85,581.89,C:min7,C,min7,,Cm7
881100,581.89,583.73,Eb:maj,Eb,maj,,Eb
881100,583.73,585.31,Bb:maj,Bb,maj,,Bb
881100,585.31,595.66,C:min,C,min,,Cm
881100,595.66,597.47,Eb:maj,Eb,maj,,Eb
881100,597.47,599.01,Bb:maj,Bb,maj,,Bb
881100,599.01,609.38,C:min,C,min,,Cm
881100,609.38,611.15,Eb:maj,Eb,maj,,Eb
881100,611.15,612.73,Bb:maj,Bb,maj,,Bb
881100,612.73,619.53,C:min,C,min,,Cm
881100,619.53,623.04,C:min7,C,min7,,Cm7
881100,623.04,624.87,Eb:maj,Eb,maj,,Eb
881100,624.87,626.47,Bb:maj,Bb,maj,,Bb
881100,626.47,633.23,C:min,C,min,,Cm
881100,633.23,636.76,C:min7,C,min7,,Cm7
881100,636.76,638.55,Eb:maj,Eb,maj,,Eb
881100,638.55,640.2,Bb:maj,Bb,maj,,Bb
881100,640.2,646.93,C:min,C,min,,Cm
881100,646.93,650.46,C:min7,C,min7,,Cm7
881100,650.46,652.32,Eb:maj,Eb,maj,,Eb
881100,652.32,653.92,Bb:maj,Bb,maj,,Bb
881100,653.92,660.63,C:min,C,min,,Cm
881100,660.63,664.18,C:min7,C,min7,,Cm7
881100,664.18,666.02,Eb:maj,Eb,maj,,Eb
881100,666.02,667.62,Bb:maj,Bb,maj,,Bb
881100,667.62,675.38,C:min,C,min,,Cm
881100,675.38,677.86,N,,,,N
893400,0.0,8.87,N,,,,N
893400,8.87,35.67,A:min,A,min,,Am
893400,35.67,38.59,A:maj,A,maj,,A
893400,38.59,54.01,N,,,,N
947800,0.0,2.02,N,,,,N
947800,2.02,3.23,C#:min,C#,min,,C#m
947800,3.23,8.36,Ab:min,Ab,min,,Abm
947800,8.36,9.36,C#:min,C#,min,,C#m
947800,9.36,14.91,Ab:min,Ab,min,,Abm
947800,14.91,16.07,C#:min,C#,min,,C#m
947800,16.07,17.41,Ab:min,Ab,min,,Abm
947800,17.41,18.25,E:maj,E,maj,,E
947800,18.25,19.09,C#:min,C#,min,,C#m
947800,19.09,19.9,A:maj,A,maj,,A
947800,19.9,21.62,Ab:min,Ab,min,,Abm
947800,21.62,22.87,C#:min,C#,min,,C#m
947800,22.87,25.05,Ab:min,Ab,min,,Abm
947800,25.05,25.89,C#:min,C#,min,,C#m
947800,25.89,26.77,A:maj,A,maj,,A
947800,26.77,27.98,Ab:min,Ab,min,,Abm
947800,27.98,29.28,Eb:min,Eb,min,,Ebm
947800,29.28,31.83,Ab:min,Ab,min,,Abm
947800,31.83,32.69,C#:min,C#,min,,C#m
947800,32.69,33.53,A:maj,A,maj,,A
947800,33.53,35.25,Ab:min,Ab,min,,Abm
947800,35.25,36.15,C#:min,C#,min,,C#m
947800,36.15,37.87,Ab:min,Ab,min,,Abm
947800,37.87,38.68,E:maj,E,maj,,E
947800,38.68,40.38,C#:min,C#,min,,C#m
947800,40.38,41.26,Ab:maj,Ab,maj,,Ab
947800,41.26,42.07,E:maj,E,maj,,E
947800,42.07,43.33,C#:min,C#,min,,C#m
947800,43.33,44.58,Ab:min,Ab,min,,Abm
947800,44.58,45.42,E:maj,E,maj,,E
947800,45.42,46.32,C#:min,C#,min,,C#m
947800,46.32,47.09,A:maj,A,maj,,A
947800,47.09,47.9,Ab:min,Ab,min,,Abm
947800,47.9,48.76,E:maj,E,maj,,E
947800,48.76,49.99,C#:min,C#,min,,C#m
947800,49.99,51.18,C#:min/5,C#,min,5,C#m/5
947800,51.18,52.08,E:maj/3,E,maj,3,E/3
947800,52.08,53.68,C#:min,C#,min,,C#m
947800,53.68,55.4,Ab:min,Ab,min,,Abm
947800,55.4,57.03,C#:min,C#,min,,C#m
947800,57.03,57.93,Ab:min,Ab,min,,Abm
947800,57.93,58.77,E:maj,E,maj,,E
947800,58.77,59.58,C#:min,C#,min,,C#m
947800,59.58,60.4,A:maj,A,maj,,A
947800,60.4,62.07,Ab:min,Ab,min,,Abm
947800,62.07,63.34,C#:min,C#,min,,C#m
947800,63.34,64.62,Ab:min,Ab,min,,Abm
947800,64.62,65.41,E:maj,E,maj,,E
947800,65.41,67.94,C#:min,C#,min,,C#m
947800,67.94,68.75,E:maj,E,maj,,E
947800,68.75,72.98,A:maj,A,maj,,A
947800,72.98,73.77,G:maj,G,maj,,G
947800,73.77,74.7,C#:min,C#,min,,C#m
947800,74.7,75.42,E:maj,E,maj,,E
947800,75.42,80.48,A:maj,A,maj,,A
947800,80.48,82.13,Ab:min,Ab,min,,Abm
947800,82.13,83.59,C#:min,C#,min,,C#m
947800,83.59,84.61,Ab:min,Ab,min,,Abm
947800,84.61,85.45,E:maj/3,E,maj,3,E/3
947800,85.45,86.29,C#:min,C#,min,,C#m
947800,86.29,87.14,A:maj,A,maj,,A
947800,87.14,87.96,Ab:min,Ab,min,,Abm
947800,87.96,88.77,E:maj,E,maj,,E
947800,88.77,90.44,C#:min,C#,min,,C#m
947800,90.44,91.3,Ab:min,Ab,min,,Abm
947800,91.3,92.11,E:maj/3,E,maj,3,E/3
947800,92.11,92.97,C#:min,C#,min,,C#m
947800,92.97,93.86,A:maj,A,maj,,A
947800,93.86,94.67,Ab:min,Ab,min,,Abm
947800,94.67,95.46,E:maj,E,maj,,E
947800,95.46,97.13,C#:min,C#,min,,C#m
947800,97.13,98.8,Ab:min,Ab,min,,Abm
947800,98.8,99.71,C#:min,C#,min,,C#m
947800,99.71,100.5,A:maj,A,maj,,A
947800,100.5,101.36,Ab:min,Ab,min,,Abm
947800,101.36,102.17,E:maj,E,maj,,E
947800,102.17,103.77,C#:min,C#,min,,C#m
947800,103.77,105.47,Ab:min,Ab,min,,Abm
947800,105.47,108.0,C#:min,C#,min,,C#m
947800,108.0,108.81,A:maj/5,A,maj,5,A/5
947800,108.81,113.8,A:maj,A,maj,,A
947800,113.8,114.64,C#:min,C#,min,,C#m
947800,114.64,115.45,A:maj/5,A,maj,5,A/5
947800,115.45,117.21,A:maj,A,maj,,A
947800,117.21,118.03,C#:min,C#,min,,C#m
947800,118.03,118.89,E:maj,E,maj,,E
947800,118.89,120.28,A:maj,A,maj,,A
947800,120.28,122.23,Ab:min,Ab,min,,Abm
947800,122.23,123.46,C#:min,C#,min,,C#m
947800,123.46,125.67,Ab:min,Ab,min,,Abm
947800,125.67,127.36,C#:min,C#,min,,C#m
947800,127.36,128.24,Ab:min,Ab,min,,Abm
947800,128.24,129.1,E:maj,E,maj,,E
947800,129.1,130.52,C#:min,C#,min,,C#m
947800,130.52,132.12,Ab:min,Ab,min,,Abm
947800,132.12,134.28,Eb:maj,Eb,maj,,Eb
947800,134.28,135.23,Ab:min,Ab,min,,Abm
947800,135.23,136.07,E:maj,E,maj,,E
947800,136.07,137.37,C#:min,C#,min,,C#m
947800,137.37,139.55,Ab:min,Ab,min,,Abm
947800,139.55,141.32,C#:min,C#,min,,C#m
947800,141.32,143.1,Ab:min,Ab,min,,Abm
947800,143.1,144.85,C#:min,C#,min,,C#m
947800,144.85,145.82,Ab:min,Ab,min,,Abm
947800,145.82,146.68,E:maj,E,maj,,E
947800,146.68,150.16,C#:min,C#,min,,C#m
947800,150.16,155.67,A:maj,A,maj,,A
947800,155.67,156.18,C#:min,C#,min,,C#m
947800,156.18,156.97,E:maj,E,maj,,E
947800,156.97,162.91,A:maj,A,maj,,A
947800,162.91,163.75,E:maj,E,maj,,E
947800,163.75,166.3,A:maj,A,maj,,A
947800,166.3,167.21,E:maj,E,maj,,E
947800,167.21,168.9,A:maj,A,maj,,A
947800,168.9,169.83,C#:min,C#,min,,C#m
947800,169.83,170.69,E:maj,E,maj,,E
947800,170.69,173.27,A:maj,A,maj,,A
947800,173.27,174.17,E:maj,E,maj,,E
947800,174.17,175.15,A:maj,A,maj,,A
947800,175.15,176.77,A:maj/b7,A,maj,b7,A/b7
947800,176.77,177.75,E:maj,E,maj,,E
947800,177.75,180.4,A:maj,A,maj,,A
947800,180.4,181.21,E:maj,E,maj,,E
947800,181.21,182.67,A:maj,A,maj,,A
947800,182.67,185.18,G:maj,G,maj,,G
947800,185.18,192.26,N,,,,N
1012601,0.0,0.16,N,,,,N
1012601,0.16,8.59,D:min,D,min,,Dm
1012601,8.59,11.26,A:min,A,min,,Am
1012601,11.26,14.0,C:maj,C,maj,,C
1012601,14.0,17.3,G:maj,G,maj,,G
1012601,17.3,19.53,D:min,D,min,,Dm
1012601,19.53,22.27,A:min,A,min,,Am
1012601,22.27,25.1,C:maj,C,maj,,C
1012601,25.1,27.77,G:maj,G,maj,,G
1012601,27.77,30.56,D:min,D,min,,Dm
1012601,30.56,33.37,A:min,A,min,,Am
1012601,33.37,36.01,C:maj,C,maj,,C
1012601,36.01,38.78,G:maj,G,maj,,G
1012601,38.78,41.54,D:min,D,min,,Dm
1012601,41.54,44.44,A:min,A,min,,Am
1012601,44.44,47.11,C:maj,C,maj,,C
1012601,47.11,49.81,G:maj,G,maj,,G
1012601,49.81,52.57,D:min,D,min,,Dm
1012601,52.57,55.38,A:min,A,min,,Am
1012601,55.38,58.12,C:maj,C,maj,,C
1012601,58.12,61.42,G:maj,G,maj,,G
1012601,61.42,63.6,D:min,D,min,,Dm
1012601,63.6,66.53,A:min,A,min,,Am
1012601,66.53,69.15,C:maj,C,maj,,C
1012601,69.15,71.91,G:maj,G,maj,,G
1012601,71.91,74.91,D:min,D,min,,Dm
1012601,74.91,77.53,A:min,A,min,,Am
1012601,77.53,80.16,C:maj,C,maj,,C
1012601,80.16,83.62,G:maj,G,maj,,G
1012601,83.62,85.68,D:min,D,min,,Dm
1012601,85.68,91.12,A:min,A,min,,Am
1012601,91.12,93.9,G:maj,G,maj,,G
1012601,93.9,96.78,D:min,D,min,,Dm
1012601,96.78,99.66,A:min,A,min,,Am
1012601,99.66,102.26,C:maj,C,maj,,C
1012601,102.26,105.0,G:maj,G,maj,,G
1012601,105.0,107.76,D:min,D,min,,Dm
1012601,107.76,110.55,A:min,A,min,,Am
1012601,110.55,113.29,C:maj,C,maj,,C
1012601,113.29,116.1,G:maj,G,maj,,G
1012601,116.1,118.82,D:min,D,min,,Dm
1012601,118.82,121.7,A:min,A,min,,Am
1012601,121.7,124.32,C:maj,C,maj,,C
1012601,124.32,127.08,G:maj,G,maj,,G
1012601,127.08,128.59,D:min,D,min,,Dm
1028801,0.0,6.8,N,,,,N
1028801,6.8,10.66,Bb:min7,Bb,min7,,Bbm7
1028801,10.66,32.55,Eb:min7,Eb,min7,,Ebm7
1028801,32.55,33.72,Bb:min7,Bb,min7,,Bbm7
1028801,33.72,34.57,Eb:min7,Eb,min7,,Ebm7
1028801,34.57,36.39,Bb:min7,Bb,min7,,Bbm7
1028801,36.39,48.67,Eb:min7,Eb,min7,,Ebm7
1028801,48.67,49.69,Bb:min7,Bb,min7,,Bbm7
1028801,49.69,75.23,Eb:min7,Eb,min7,,Ebm7
1028801,75.23,79.04,Bb:min7,Bb,min7,,Bbm7
1028801,79.04,98.13,Eb:min7,Eb,min7,,Ebm7
1028801,98.13,104.35,N,,,,N
1030101,0.0,0.02,N,,,,N
1030101,0.02,2.16,C#:maj,C#,maj,,C#
1030101,2.16,4.23,C:min,C,min,,Cm
1030101,4.23,5.76,Eb:maj,Eb,maj,,Eb
1030101,5.76,7.45,Ab:maj,Ab,maj,,Ab
1030101,7.45,9.31,C#:maj,C#,maj,,C#
1030101,9.31,11.1,C:min,C,min,,Cm
1030101,11.1,13.63,Eb:maj,Eb,maj,,Eb
1030101,13.63,14.81,Ab:maj/5,Ab,maj,5,Ab/5
1030101,14.81,16.6,C#:maj,C#,maj,,C#
1030101,16.6,18.48,C:min,C,min,,Cm
1030101,18.48,20.27,F:min,F,min,,Fm
1030101,20.27,21.94,Ab:maj,Ab,maj,,Ab
1030101,21.94,23.78,C#:maj,C#,maj,,C#
1030101,23.78,25.47,Ab:maj/3,Ab,maj,3,Ab/3
1030101,25.47,27.86,Eb:maj,Eb,maj,,Eb
1030101,27.86,29.0,Ab:maj/5,Ab,maj,5,Ab/5
1030101,29.0,30.81,C#:maj,C#,maj,,C#
1030101,30.81,32.6,Ab:maj/3,Ab,maj,3,Ab/3
1030101,32.6,34.41,Eb:maj,Eb,maj,,Eb
1030101,34.41,36.15,Ab:maj,Ab,maj,,Ab
1030101,36.15,37.94,C#:maj,C#,maj,,C#
1030101,37.94,39.59,C:min,C,min,,Cm
1030101,39.59,43.19,Eb:maj,Eb,maj,,Eb
1030101,43.19,44.93,C#:maj,C#,maj,,C#
1030101,44.93,46.72,Eb:maj,Eb,maj,,Eb
1030101,46.72,48.53,C#:maj,C#,maj,,C#
1030101,48.53,50.25,Eb:maj,Eb,maj,,Eb
1030101,50.25,51.94,C#:maj,C#,maj,,C#
1030101,51.94,53.89,Eb:maj,Eb,maj,,Eb
1030101,53.89,55.26,F:min,F,min,,Fm
1030101,55.26,55.75,Eb:maj,Eb,maj,,Eb
1030101,55.75,57.49,G:min,G,min,,Gm
1030101,57.49,58.26,C#:maj/3,C#,maj,3,C#/3
1030101,58.26,60.05,C#:maj/5,C#,maj,5,C#/5
1030101,60.05,61.21,Eb:maj/3,Eb,maj,3,Eb/3
1030101,61.21,62.6,F:min,F,min,,Fm
1030101,62.6,63.14,Eb:maj,Eb,maj,,Eb
1030101,63.14,64.95,G:min,G,min,,Gm
1030101,64.95,66.71,C:min/5,C,min,5,Cm/5
1030101,66.71,68.5,C#:maj/5,C#,maj,5,C#/5
1030101,68.5,72.1,Eb:maj/5,Eb,maj,5,Eb/5
1030101,72.1,73.84,C:min/5,C,min,5,Cm/5
1030101,73.84,75.67,C#:maj/5,C#,maj,5,C#/5
1030101,75.67,79.85,Eb:maj,Eb,maj,,Eb
1030101,79.85,81.06,C:min,C,min,,Cm
1030101,81.06,82.92,C#:maj/5,C#,maj,5,C#/5
1030101,82.92,86.54,Eb:maj/5,Eb,maj,5,Eb/5
1030101,86.54,88.24,C:min/5,C,min,5,Cm/5
1030101,88.24,90.07,C#:maj/5,C#,maj,5,C#/5
1030101,90.07,94.41,Eb:maj,Eb,maj,,Eb
1030101,94.41,95.55,F:min,F,min,,Fm
1030101,95.55,96.22,Bb:min,Bb,min,,Bbm
1030101,96.22,97.31,C#:maj/5,C#,maj,5,C#/5
1030101,97.31,100.52,Eb:maj/5,Eb,maj,5,Eb/5
1030101,100.52,101.73,Ab:maj,Ab,maj,,Ab
1030101,101.73,102.82,F:min,F,min,,Fm
1030101,102.82,104.58,C#:maj,C#,maj,,C#
1030101,104.58,108.92,Eb:maj,Eb,maj,,Eb
1030101,108.92,110.06,F:min,F,min,,Fm
1030101,110.06,110.81,Bb:min,Bb,min,,Bbm
1030101,110.81,111.85,Bb:min/b7,Bb,min,b7,Bbm/b7
1030101,111.85,115.01,Eb:maj/5,Eb,maj,5,Eb/5
1030101,115.01,116.22,Ab:maj,Ab,maj,,Ab
1030101,116.22,117.38,F:min,F,min,,Fm
1030101,117.38,119.14,C#:maj,C#,maj,,C#
1030101,119.14,122.86,Eb:maj,Eb,maj,,Eb
1030101,122.86,124.69,C:min,C,min,,Cm
1030101,124.69,126.55,C#:maj/3,C#,maj,3,C#/3
1030101,126.55,132.21,Eb:maj,Eb,maj,,Eb
1030101,132.21,134.16,C#:maj,C#,maj,,C#
1030101,134.16,136.74,C:min,C,min,,Cm
1030101,136.74,139.69,Eb:maj,Eb,maj,,Eb
1030101,139.69,141.62,C#:maj,C#,maj,,C#
1030101,141.62,143.45,C:min,C,min,,Cm
1030101,143.45,146.03,Eb:maj,Eb,maj,,Eb
1030101,146.03,147.12,Ab:maj/5,Ab,maj,5,Ab/5
1030101,147.12,148.98,C#:maj,C#,maj,,C#
1030101,148.98,150.81,C:min,C,min,,Cm
1030101,150.81,154.41,Eb:maj,Eb,maj,,Eb
1030101,154.41,156.34,C#:maj,C#,maj,,C#
1030101,156.34,158.75,C:min,C,min,,Cm
1030101,158.75,160.19,Eb:maj,Eb,maj,,Eb
1030101,160.19,166.28,N,,,,N
1051201,0.0,0.74,N,,,,N
1051201,0.74,2.76,F#:maj,F#,maj,,F#
1051201,2.76,4.92,C#:maj/5,C#,maj,5,C#/5
1051201,4.92,6.8,Eb:min7,Eb,min7,,Ebm7
1051201,6.8,8.82,B:maj,B,maj,,B
1051201,8.82,10.8,F#:maj,F#,maj,,F#
1051201,10.8,12.84,C#:maj/5,C#,maj,5,C#/5
1051201,12.84,14.84,Eb:min7,Eb,min7,,Ebm7
1051201,14.84,16.07,B:maj,B,maj,,B
1051201,16.07,16.86,C#:maj/b7,C#,maj,b7,C#/b7
1051201,16.86,18.78,F#:maj,F#,maj,,F#
1051201,18.78,20.9,C#:maj/5,C#,maj,5,C#/5
1051201,20.9,22.83,Eb:min7,Eb,min7,,Ebm7
1051201,22.83,24.8,B:maj,B,maj,,B
1051201,24.8,26.77,F#:maj,F#,maj,,F#
1051201,26.77,28.89,C#:maj/5,C#,maj,5,C#/5
1051201,28.89,30.79,Eb:min7,Eb,min7,,Ebm7
1051201,30.79,32.79,B:maj,B,maj,,B
1051201,32.79,34.76,F#:maj,F#,maj,,F#
1051201,34.76,36.9,C#:maj/5,C#,maj,5,C#/5
1051201,36.9,38.82,Eb:7,Eb,7,,Eb7
1051201,38.82,40.8,B:maj,B,maj,,B
1051201,40.8,42.79,F#:maj,F#,maj,,F#
1051201,42.79,44.91,C#:maj/5,C#,maj,5,C#/5
1051201,44.91,46.79,Eb:min7,Eb,min7,,Ebm7
1051201,46.79,48.39,B:maj,B,maj,,B
1051201,48.39,48.79,C#:7,C#,7,,C#7
1051201,48.79,50.81,F#:maj,F#,maj,,F#
1051201,50.81,52.8,C#:maj,C#,maj,,C#
1051201,52.8,54.82,Eb:min7,Eb,min7,,Ebm7
1051201,54.82,56.8,C#:maj/b7,C#,maj,b7,C#/b7
1051201,56.8,58.82,F#:maj,F#,maj,,F#
1051201,58.82,60.81,C#:maj,C#,maj,,C#
1051201,60.81,62.81,Eb:min7,Eb,min7,,Ebm7
1051201,62.81,64.78,B:maj,B,maj,,B
1051201,64.78,66.78,F#:maj,F#,maj,,F#
1051201,66.78,68.8,C#:maj,C#,maj,,C#
1051201,68.8,70.8,Eb:min7,Eb,min7,,Ebm7
1051201,70.8,72.77,B:maj,B,maj,,B
1051201,72.77,74.81,F#:maj,F#,maj,,F#
1051201,74.81,76.81,C#:maj,C#,maj,,C#
1051201,76.81,78.79,Eb:min7,Eb,min7,,Ebm7
1051201,78.79,82.76,B:maj,B,maj,,B
1051201,82.76,84.8,F#:maj,F#,maj,,F#
1051201,84.8,86.8,C#:maj,C#,maj,,C#
1051201,86.8,88.82,Eb:min7,Eb,min7,,Ebm7
1051201,88.82,90.79,B:maj,B,maj,,B
1051201,90.79,92.76,F#:maj,F#,maj,,F#
1051201,92.76,94.81,C#:maj,C#,maj,,C#
1051201,94.81,96.76,Eb:min7,Eb,min7,,Ebm7
1051201,96.76,98.8,B:maj,B,maj,,B
1051201,98.8,100.77,F#:maj,F#,maj,,F#
1051201,100.77,102.79,C#:maj,C#,maj,,C#
1051201,102.79,104.79,Eb:min7,Eb,min7,,Ebm7
1051201,104.79,106.79,B:maj,B,maj,,B
1051201,106.79,108.81,F#:maj,F#,maj,,F#
1051201,108.81,110.78,C#:maj,C#,maj,,C#
1051201,110.78,112.78,Eb:min,Eb,min,,Ebm
1051201,112.78,114.8,B:maj,B,maj,,B
1051201,114.8,116.8,F#:maj,F#,maj,,F#
1051201,116.8,118.79,C#:maj,C#,maj,,C#
1051201,118.79,120.81,Eb:min7,Eb,min7,,Ebm7
1051201,120.81,122.81,B:maj,B,maj,,B
1051201,122.81,124.78,F#:maj,F#,maj,,F#
1051201,124.78,126.8,C#:maj,C#,maj,,C#
1051201,126.8,128.78,Eb:min7,Eb,min7,,Ebm7
1051201,128.78,130.82,B:maj,B,maj,,B
1051201,130.82,132.79,F#:maj,F#,maj,,F#
1051201,132.79,134.84,C#:maj,C#,maj,,C#
1051201,134.84,136.81,Eb:min7,Eb,min7,,Ebm7
1051201,136.81,138.83,B:maj,B,maj,,B
1051201,138.83,140.81,F#:maj,F#,maj,,F#
1051201,140.81,142.78,C#:maj,C#,maj,,C#
1051201,142.78,144.78,Eb:min7,Eb,min7,,Ebm7
1051201,144.78,146.8,B:maj,B,maj,,B
1051201,146.8,148.79,F#:maj,F#,maj,,F#
1051201,148.79,150.81,C#:maj,C#,maj,,C#
1051201,150.81,152.83,Eb:min,Eb,min,,Ebm
1051201,152.83,154.78,B:maj,B,maj,,B
1051201,154.78,156.83,F#:maj,F#,maj,,F#
1051201,156.83,158.78,C#:maj,C#,maj,,C#
1051201,158.78,160.77,Eb:min7,Eb,min7,,Ebm7
1051201,160.77,166.79,B:maj,B,maj,,B
1051201,166.79,170.81,F#:maj,F#,maj,,F#
1051201,170.81,174.8,B:maj,B,maj,,B
1051201,174.8,178.86,F#:maj,F#,maj,,F#
1051201,178.86,180.81,F#:maj/b7,F#,maj,b7,F#/b7
1051201,180.81,184.81,B:maj,B,maj,,B
1051201,184.81,186.8,F#:maj,F#,maj,,F#
1051201,186.8,188.8,C#:maj,C#,maj,,C#
1051201,188.8,190.8,Eb:min7,Eb,min7,,Ebm7
1051201,190.8,192.82,B:maj,B,maj,,B
1051201,192.82,194.77,F#:maj,F#,maj,,F#
1051201,194.77,196.81,C#:maj,C#,maj,,C#
1051201,196.81,198.76,Eb:min7,Eb,min7,,Ebm7
1051201,198.76,200.81,B:maj,B,maj,,B
1051201,200.81,202.8,F#:maj,F#,maj,,F#
1051201,202.8,204.78,C#:maj,C#,maj,,C#
1051201,204.78,206.8,Eb:min,Eb,min,,Ebm
1051201,206.8,208.79,B:maj,B,maj,,B
1051201,208.79,210.79,F#:maj,F#,maj,,F#
1051201,210.79,212.81,C#:maj,C#,maj,,C#
1051201,212.81,214.78,Eb:min7,Eb,min7,,Ebm7
1051201,214.78,216.76,B:maj,B,maj,,B
1051201,216.76,218.8,F#:maj,F#,maj,,F#
1051201,218.8,220.82,C#:maj,C#,maj,,C#
1051201,220.82,222.82,Eb:min7,Eb,min7,,Ebm7
1051201,222.82,224.82,B:maj,B,maj,,B
1051201,224.82,226.81,F#:maj,F#,maj,,F#
1051201,226.81,228.86,C#:maj,C#,maj,,C#
1051201,228.86,230.85,Eb:min,Eb,min,,Ebm
1051201,230.85,232.83,B:maj,B,maj,,B
1051201,232.83,234.87,F#:maj,F#,maj,,F#
1051201,234.87,236.82,C#:maj,C#,maj,,C#
1051201,236.82,238.82,Eb:min7,Eb,min7,,Ebm7
1051201,238.82,242.16,B:maj,B,maj,,B
1051201,242.16,245.11,N,,,,N
1051201,245.11,246.71,Bb:min,Bb,min,,Bbm
1051201,246.71,263.57,N,,,,N
1075201,0.0,2.79,N,,,,N
1075201,2.79,99.17,B:min,B,min,,Bm
1075201,99.17,111.48,N,,,,N
1082101,0.0,4.48,N,,,,N
1082101,4.48,10.5,B:maj,B,maj,,B
1082101,10.5,12.4,N,,,,N
1082101,12.4,18.58,B:maj,B,maj,,B
1082101,18.58,19.64,N,,,,N
1082101,19.64,56.84,B:min,B,min,,Bm
1082101,56.84,58.68,G:maj/3,G,maj,3,G/3
1082101,58.68,60.56,C#:dim,C#,dim,,C#dim
1082101,60.56,66.69,B:min,B,min,,Bm
1082101,66.69,67.85,B:min/2,B,min,2,Bm/2
1082101,67.85,74.68,E:min,E,min,,Em
1082101,74.68,75.58,B:min/5,B,min,5,Bm/5
1082101,75.58,76.79,E:min,E,min,,Em
1082101,76.79,80.69,B:min,B,min,,Bm
1082101,80.69,82.5,B:min/2,B,min,2,Bm/2
1082101,82.5,83.73,E:min7,E,min7,,Em7
1082101,83.73,86.56,F#:maj,F#,maj,,F#
1082101,86.56,89.98,G:maj,G,maj,,G
1082101,89.98,93.6,B:min,B,min,,Bm
1082101,93.6,98.55,G:maj,G,maj,,G
1082101,98.55,100.75,N,,,,N
1082101,100.75,106.46,G:maj,G,maj,,G
1082101,106.46,109.55,B:min,B,min,,Bm
1082101,109.55,114.1,G:maj,G,maj,,G
1082101,114.1,117.52,N,,,,N
1095701,0.0,0.28,N,,,,N
1095701,0.28,4.16,Eb:maj,Eb,maj,,Eb
1095701,4.16,6.08,Ab:maj,Ab,maj,,Ab
1095701,6.08,8.03,Bb:maj,Bb,maj,,Bb
1095701,8.03,9.85,Eb:maj/3,Eb,maj,3,Eb/3
1095701,9.85,11.82,Ab:maj,Ab,maj,,Ab
1095701,11.82,12.75,F:min,F,min,,Fm
1095701,12.75,13.75,Bb:maj,Bb,maj,,Bb
1095701,13.75,21.29,Eb:maj,Eb,maj,,Eb
1095701,21.29,23.22,Ab:maj,Ab,maj,,Ab
1095701,23.22,25.22,Bb:maj,Bb,maj,,Bb
1095701,25.22,27.0,Eb:maj,Eb,maj,,Eb
1095701,27.0,29.86,Ab:maj,Ab,maj,,Ab
1095701,29.86,30.84,Bb:maj,Bb,maj,,Bb
1095701,30.84,34.62,Eb:maj,Eb,maj,,Eb
1095701,34.62,36.59,Ab:maj,Ab,maj,,Ab
1095701,36.59,38.48,Eb:maj,Eb,maj,,Eb
1095701,38.48,40.36,Bb:maj,Bb,maj,,Bb
1095701,40.36,42.26,Eb:maj,Eb,maj,,Eb
1095701,42.26,44.19,Ab:maj,Ab,maj,,Ab
1095701,44.19,46.02,Eb:maj,Eb,maj,,Eb
1095701,46.02,48.0,F:min,F,min,,Fm
1095701,48.0,49.78,Bb:maj,Bb,maj,,Bb
1095701,49.78,51.83,Ab:maj,Ab,maj,,Ab
1095701,51.83,53.55,Eb:maj/3,Eb,maj,3,Eb/3
1095701,53.55,54.71,Eb:maj,Eb,maj,,Eb
1095701,54.71,55.57,Bb:maj,Bb,maj,,Bb
1095701,55.57,57.52,Ab:maj,Ab,maj,,Ab
1095701,57.52,59.47,F:min,F,min,,Fm
1095701,59.47,61.28,Eb:maj/3,Eb,maj,3,Eb/3
1095701,61.28,62.28,Ab:maj,Ab,maj,,Ab
1095701,62.28,63.2,Bb:maj,Bb,maj,,Bb
1095701,63.2,70.8,Eb:maj,Eb,maj,,Eb
1095701,70.8,72.75,Ab:maj,Ab,maj,,Ab
1095701,72.75,74.72,Bb:maj,Bb,maj,,Bb
1095701,74.72,76.51,Eb:maj/3,Eb,maj,3,Eb/3
1095701,76.51,78.46,Ab:maj,Ab,maj,,Ab
1095701,78.46,79.44,F:min,F,min,,Fm
1095701,79.44,80.48,Bb:maj,Bb,maj,,Bb
1095701,80.48,87.96,Eb:maj,Eb,maj,,Eb
1095701,87.96,89.86,Ab:maj,Ab,maj,,Ab
1095701,89.86,91.81,Bb:maj,Bb,maj,,Bb
1095701,91.81,93.67,Eb:maj/3,Eb,maj,3,Eb/3
1095701,93.67,96.04,Ab:maj,Ab,maj,,Ab
1095701,96.04,96.55,F:min,F,min,,Fm
1095701,96.55,97.5,Bb:maj,Bb,maj,,Bb
1095701,97.5,101.29,Eb:maj,Eb,maj,,Eb
1095701,101.29,103.26,Ab:maj,Ab,maj,,Ab
1095701,103.26,105.19,Eb:maj,Eb,maj,,Eb
1095701,105.19,107.02,Bb:maj,Bb,maj,,Bb
1095701,107.02,108.92,Eb:maj,Eb,maj,,Eb
1095701,108.92,110.9,Ab:maj,Ab,maj,,Ab
1095701,110.9,112.71,Eb:maj,Eb,maj,,Eb
1095701,112.71,114.66,F:min,F,min,,Fm
1095701,114.66,116.49,Bb:maj,Bb,maj,,Bb
1095701,116.49,118.58,Ab:maj,Ab,maj,,Ab
1095701,118.58,122.23,Eb:maj/3,Eb,maj,3,Eb/3
1095701,122.23,124.6,Ab:maj,Ab,maj,,Ab
1095701,124.6,126.11,F:min,F,min,,Fm
1095701,126.11,127.94,Eb:maj/3,Eb,maj,3,Eb/3
1095701,127.94,128.96,Ab:maj,Ab,maj,,Ab
1095701,128.96,129.87,Bb:maj,Bb,maj,,Bb
1095701,129.87,133.7,Eb:maj,Eb,maj,,Eb
1095701,133.7,135.56,E:dim,E,dim,,Edim
1095701,135.56,137.9,F:min,F,min,,Fm
1095701,137.9,139.3,Ab:min,Ab,min,,Abm
1095701,139.3,143.15,Eb:maj,Eb,maj,,Eb
1095701,143.15,145.52,F:min,F,min,,Fm
1095701,145.52,146.98,F:maj,F,maj,,F
1095701,146.98,149.0,Bb:maj,Bb,maj,,Bb
1095701,149.0,150.67,B:dim,B,dim,,Bdim
1095701,150.67,152.93,Ab:maj,Ab,maj,,Ab
1095701,152.93,154.9,C#:maj,C#,maj,,C#
1095701,154.9,157.92,Bb:maj/3,Bb,maj,3,Bb/3
1095701,157.92,160.31,Bb:maj,Bb,maj,,Bb
1095701,160.31,162.28,Ab:maj,Ab,maj,,Ab
1095701,162.28,164.17,Eb:maj,Eb,maj,,Eb
1095701,164.17,166.07,Bb:maj,Bb,maj,,Bb
1095701,166.07,167.95,Eb:maj,Eb,maj,,Eb
1095701,167.95,169.88,Ab:maj,Ab,maj,,Ab
1095701,169.88,171.76,Eb:maj,Eb,maj,,Eb
1095701,171.76,173.75,F:min,F,min,,Fm
1095701,173.75,175.54,Bb:maj,Bb,maj,,Bb
1095701,175.54,177.59,Ab:maj,Ab,maj,,Ab
1095701,177.59,180.42,Eb:maj,Eb,maj,,Eb
1095701,180.42,181.28,Bb:maj,Bb,maj,,Bb
1095701,181.28,183.28,Ab:maj,Ab,maj,,Ab
1095701,183.28,185.2,F:min,F,min,,Fm
1095701,185.2,186.99,G:min,G,min,,Gm
1095701,186.99,187.99,Ab:maj,Ab,maj,,Ab
1095701,187.99,188.96,Bb:maj,Bb,maj,,Bb
1095701,188.96,190.8,C:min,C,min,,Cm
1095701,190.8,191.8,Ab:maj,Ab,maj,,Ab
1095701,191.8,192.75,Bb:maj,Bb,maj,,Bb
1095701,192.75,197.9,Eb:maj,Eb,maj,,Eb
1095701,197.9,200.36,N,,,,N
1114501,0.0,44.03,N,,,,N
1114501,44.03,46.7,F:maj,F,maj,,F
1114501,46.7,49.9,A:min,A,min,,Am
1114501,49.9,53.87,C:maj,C,maj,,C
1114501,53.87,62.79,F:maj,F,maj,,F
1114501,62.79,66.27,A:min,A,min,,Am
1114501,66.27,69.82,C:maj,C,maj,,C
1114501,69.82,79.06,F:maj,F,maj,,F
1114501,79.06,82.06,A:min,A,min,,Am
1114501,82.06,85.75,C:maj,C,maj,,C
1114501,85.75,94.76,F:maj,F,maj,,F
1114501,94.76,102.21,A:min,A,min,,Am
1114501,102.21,105.72,G:maj,G,maj,,G
1114501,105.72,109.78,C:maj,C,maj,,C
1114501,109.78,113.29,A:min7,A,min7,,Am7
1114501,113.29,118.19,A:min,A,min,,Am
1114501,118.19,121.77,G:maj,G,maj,,G
1114501,121.77,181.86,C:maj,C,maj,,C
1114501,181.86,186.73,C:maj/5,C,maj,5,C/5
1114501,186.73,230.27,C:maj,C,maj,,C
1114501,230.27,233.57,F:maj/5,F,maj,5,F/5
1114501,233.57,245.83,C:maj,C,maj,,C
1114501,245.83,249.71,F:maj/5,F,maj,5,F/5
1114501,249.71,257.95,C:maj,C,maj,,C
1114501,257.95,260.6,G:maj,G,maj,,G
1114501,260.6,266.33,C:maj,C,maj,,C
1114501,266.33,268.84,G:maj,G,maj,,G
1114501,268.84,273.93,C:maj,C,maj,,C
1114501,273.93,276.94,G:maj,G,maj,,G
1114501,276.94,289.83,C:maj,C,maj,,C
1114501,289.83,294.06,G:maj,G,maj,,G
1114501,294.06,297.63,F:maj/5,F,maj,5,F/5
1114501,297.63,298.49,C:maj,C,maj,,C
1114501,298.49,301.79,G:maj,G,maj,,G
1114501,301.79,305.85,C:maj,C,maj,,C
1114501,305.85,310.08,G:maj,G,maj,,G
1114501,310.08,313.77,F:maj/5,F,maj,5,F/5
1114501,313.77,317.63,N,,,,N
1114501,317.63,320.9,F:maj/5,F,maj,5,F/5
1114501,320.9,326.17,C:maj,C,maj,,C
1114501,326.17,330.14,A:min,A,min,,Am
1114501,330.14,336.29,F:maj,F,maj,,F
1114501,336.29,341.94,C:maj,C,maj,,C
1114501,341.94,345.95,A:min,A,min,,Am
1114501,345.95,347.79,F:maj/3,F,maj,3,F/3
1114501,347.79,353.11,F:maj,F,maj,,F
1114501,353.11,357.7,C:maj,C,maj,,C
1114501,357.7,374.0,N,,,,N
1133301,0.0,2.16,N,,,,N
1133301,2.16,2.67,F:maj,F,maj,,F
1133301,2.67,11.68,C:maj,C,maj,,C
1133301,11.68,13.03,A:min/5,A,min,5,Am/5
1133301,13.03,14.74,G:maj,G,maj,,G
1133301,14.74,18.02,C:maj,C,maj,,C
1133301,18.02,19.6,E:min,E,min,,Em
1133301,19.6,21.29,F:maj,F,maj,,F
1133301,21.29,22.8,A:min,A,min,,Am
1133301,22.8,24.54,F:maj,F,maj,,F
1133301,24.54,26.17,C:maj/3,C,maj,3,C/3
1133301,26.17,28.28,G:maj,G,maj,,G
1133301,28.28,29.44,C:maj,C,maj,,C
1133301,29.44,31.05,D:min,D,min,,Dm
1133301,31.05,35.97,E:min,E,min,,Em
1133301,35.97,36.59,C:maj/3,C,maj,3,C/3
1133301,36.59,37.08,F:maj,F,maj,,F
1133301,37.08,40.91,C:maj,C,maj,,C
1133301,40.91,44.07,G:maj,G,maj,,G
1133301,44.07,45.91,C:maj,C,maj,,C
1133301,45.91,47.35,E:min,E,min,,Em
1133301,47.35,52.36,F:maj,F,maj,,F
1133301,52.36,54.01,C:maj/3,C,maj,3,C/3
1133301,54.01,56.1,G:maj,G,maj,,G
1133301,56.1,57.26,C:maj,C,maj,,C
1133301,57.26,58.86,D:min,D,min,,Dm
1133301,58.86,59.56,E:min,E,min,,Em
1133301,59.56,64.53,C:maj/3,C,maj,3,C/3
1133301,64.53,67.2,C:maj,C,maj,,C
1133301,67.2,68.75,C:maj/3,C,maj,3,C/3
1133301,68.75,71.94,G:maj,G,maj,,G
1133301,71.94,73.75,C:maj,C,maj,,C
1133301,73.75,75.21,E:min,E,min,,Em
1133301,75.21,76.97,F:maj,F,maj,,F
1133301,76.97,78.39,A:min,A,min,,Am
1133301,78.39,80.16,F:maj,F,maj,,F
1133301,80.16,81.8,C:maj/3,C,maj,3,C/3
1133301,81.8,83.92,G:maj,G,maj,,G
1133301,83.92,85.08,C:maj,C,maj,,C
1133301,85.08,86.73,D:min,D,min,,Dm
1133301,86.73,88.07,E:min,E,min,,Em
1133301,88.07,91.67,A:min/5,A,min,5,Am/5
1133301,91.67,93.18,F:maj/3,F,maj,3,F/3
1133301,93.18,94.9,F:maj,F,maj,,F
1133301,94.9,96.57,C:maj/3,C,maj,3,C/3
1133301,96.57,98.31,C:maj,C,maj,,C
1133301,98.31,99.75,C:maj/3,C,maj,3,C/3
1133301,99.75,101.47,F:maj,F,maj,,F
1133301,101.47,103.12,G:maj,G,maj,,G
1133301,103.12,104.7,A:min,A,min,,Am
1133301,104.7,106.37,F:maj,F,maj,,F
1133301,106.37,107.95,C:maj/3,C,maj,3,C/3
1133301,107.95,111.2,G:maj,G,maj,,G
1133301,111.2,113.45,C:maj,C,maj,,C
1133301,113.45,114.03,F:maj,F,maj,,F
1133301,114.03,114.57,G:maj,G,maj,,G
1133301,114.57,118.96,C:maj,C,maj,,C
1133301,118.96,145.71,N,,,,N
1134301,0.0,0.35,N,,,,N
1134301,0.35,2.02,F:maj7,F,maj7,,Fmaj7
1134301,2.02,7.13,D:min,D,min,,Dm
1134301,7.13,8.92,D:min/b3,D,min,b3,Dm/b3
1134301,8.92,14.0,D:min,D,min,,Dm
1134301,14.0,15.77,F:maj,F,maj,,F
1134301,15.77,21.01,D:min,D,min,,Dm
1134301,21.01,22.57,F:maj,F,maj,,F
1134301,22.57,27.75,D:min,D,min,,Dm
1134301,27.75,29.47,F:maj,F,maj,,F
1134301,29.47,34.62,D:min,D,min,,Dm
1134301,34.62,36.34,F:maj,F,maj,,F
1134301,36.34,41.49,D:min,D,min,,Dm
1134301,41.49,43.14,F:maj7,F,maj7,,Fmaj7
1134301,43.14,48.37,D:min,D,min,,Dm
1134301,48.37,49.99,F:maj,F,maj,,F
1134301,49.99,55.29,D:min,D,min,,Dm
1134301,55.29,56.4,F:maj,F,maj,,F
1134301,56.4,58.14,D:min,D,min,,Dm
1134301,58.14,62.07,A:min,A,min,,Am
1134301,62.07,63.37,F:maj,F,maj,,F
1134301,63.37,65.6,D:min,D,min,,Dm
1134301,65.6,68.87,A:min,A,min,,Am
1134301,68.87,70.17,F:maj,F,maj,,F
1134301,70.17,71.84,D:min,D,min,,Dm
1134301,71.84,75.72,A:min,A,min,,Am
1134301,75.72,77.04,F:maj,F,maj,,F
1134301,77.04,78.72,D:min,D,min,,Dm
1134301,78.72,81.9,A:min,A,min,,Am
1134301,81.9,82.69,D:min,D,min,,Dm
1134301,82.69,84.27,F:maj,F,maj,,F
1134301,84.27,89.51,D:min,D,min,,Dm
1134301,89.51,91.18,F:maj,F,maj,,F
1134301,91.18,96.32,D:min,D,min,,Dm
1134301,96.32,98.03,F:maj7,F,maj7,,Fmaj7
1134301,98.03,103.31,D:min,D,min,,Dm
1134301,103.31,104.84,F:maj,F,maj,,F
1134301,104.84,110.02,D:min,D,min,,Dm
1134301,110.02,111.8,F:maj,F,maj,,F
1134301,111.8,116.91,D:min,D,min,,Dm
1134301,116.91,118.77,F:maj,F,maj,,F
1134301,118.77,126.76,D:min,D,min,,Dm
1134301,126.76,130.57,A:min,A,min,,Am
1134301,130.57,131.94,F:maj,F,maj,,F
1134301,131.94,133.63,D:min,D,min,,Dm
1134301,133.63,137.44,A:min,A,min,,Am
1134301,137.44,138.72,F:maj,F,maj,,F
1134301,138.72,140.41,D:min,D,min,,Dm
1134301,140.41,144.31,A:min,A,min,,Am
1134301,144.31,145.61,F:maj,F,maj,,F
1134301,145.61,147.28,D:min,D,min,,Dm
1134301,147.28,151.19,A:min,A,min,,Am
1134301,151.19,152.51,F:maj,F,maj,,F
1134301,152.51,154.09,D:min,D,min,,Dm
1134301,154.09,157.99,A:min,A,min,,Am
1134301,157.99,159.31,F:maj,F,maj,,F
1134301,159.31,160.98,D:min,D,min,,Dm
1134301,160.98,164.86,A:min,A,min,,Am
1134301,164.86,166.16,F:maj,F,maj,,F
1134301,166.16,167.83,D:min,D,min,,Dm
1134301,167.83,171.71,A:min,A,min,,Am
1134301,171.71,173.04,F:maj,F,maj,,F
1134301,173.04,174.66,D:min,D,min,,Dm
1134301,174.66,178.58,A:min,A,min,,Am
1134301,178.58,179.88,F:maj,F,maj,,F
1134301,179.88,181.53,D:min,D,min,,Dm
1134301,181.53,185.43,A:min,A,min,,Am
1134301,185.43,186.76,F:maj,F,maj,,F
1134301,186.76,188.38,D:min,D,min,,Dm
1134301,188.38,192.31,A:min,A,min,,Am
1134301,192.31,193.58,F:maj,F,maj,,F
1134301,193.58,195.28,D:min,D,min,,Dm
1134301,195.28,199.13,A:min,A,min,,Am
1134301,199.13,200.46,F:maj,F,maj,,F
1134301,200.46,202.29,D:min,D,min,,Dm
1134301,202.29,205.98,A:min,A,min,,Am
1134301,205.98,207.26,F:maj,F,maj,,F
1134301,207.26,209.05,D:min,D,min,,Dm
1134301,209.05,212.86,A:min,A,min,,Am
1134301,212.86,214.13,F:maj,F,maj,,F
1134301,214.13,215.95,D:min,D,min,,Dm
1134301,215.95,218.76,A:min,A,min,,Am
1134301,218.76,219.66,D:min/5,D,min,5,Dm/5
1134301,219.66,220.96,F:maj,F,maj,,F
1134301,220.96,222.73,D:min,D,min,,Dm
1134301,222.73,226.56,A:min,A,min,,Am
1134301,226.56,227.86,F:maj,F,maj,,F
1134301,227.86,229.67,D:min,D,min,,Dm
1134301,229.67,233.45,A:min,A,min,,Am
1134301,233.45,234.8,F:maj,F,maj,,F
1134301,234.8,236.43,D:min,D,min,,Dm
1134301,236.43,240.3,A:min,A,min,,Am
1134301,240.3,241.72,F:maj,F,maj,,F
1134301,241.72,243.25,D:maj,D,maj,,D
1134301,243.25,252.63,A:min,A,min,,Am
1134301,252.63,259.37,N,,,,N
1136901,0.0,21.55,N,,,,N
1136901,21.55,31.16,E:min,E,min,,Em
1136901,31.16,32.69,E:min/b3,E,min,b3,Em/b3
1136901,32.69,34.46,B:maj/5,B,maj,5,B/5
1136901,34.46,35.81,F:maj,F,maj,,F
1136901,35.81,38.06,E:min,E,min,,Em
1136901,38.06,39.92,E:min/b3,E,min,b3,Em/b3
1136901,39.92,41.52,B:maj/5,B,maj,5,B/5
1136901,41.52,43.24,D:maj,D,maj,,D
1136901,43.24,74.21,E:min,E,min,,Em
1136901,74.21,86.47,N,,,,N
1136901,86.47,92.32,E:min,E,min,,Em
1136901,92.32,101.03,E:min7,E,min7,,Em7
1136901,101.03,102.52,F#:7,F#,7,,F#7
1136901,102.52,108.11,E:min,E,min,,Em
1136901,108.11,109.74,E:min/2,E,min,2,Em/2
1136901,109.74,111.6,E:min,E,min,,Em
1136901,111.6,113.34,Eb:maj,Eb,maj,,Eb
1136901,113.34,115.36,E:min,E,min,,Em
1136901,115.36,116.94,F#:maj,F#,maj,,F#
1136901,116.94,122.58,E:min,E,min,,Em
1136901,122.58,124.18,F#:maj,F#,maj,,F#
1136901,124.18,126.01,E:min,E,min,,Em
1136901,126.01,127.76,E:min/b3,E,min,b3,Em/b3
1136901,127.76,129.54,E:min,E,min,,Em
1136901,129.54,132.1,F#:maj,F#,maj,,F#
1136901,132.1,136.77,N,,,,N
1136901,136.77,140.25,F#:maj,F#,maj,,F#
1136901,140.25,143.92,N,,,,N
1136901,143.92,145.75,F#:maj,F#,maj,,F#
1136901,145.75,147.59,E:min,E,min,,Em
1136901,147.59,149.05,Eb:min,Eb,min,,Ebm
1136901,149.05,152.32,E:min,E,min,,Em
1136901,152.32,152.95,F#:maj,F#,maj,,F#
1136901,152.95,154.76,E:min,E,min,,Em
1136901,154.76,155.99,Eb:min,Eb,min,,Ebm
1136901,155.99,156.55,F#:maj,F#,maj,,F#
1136901,156.55,159.29,E:min,E,min,,Em
1136901,159.29,160.4,F#:maj,F#,maj,,F#
1136901,160.4,162.17,E:min,E,min,,Em
1136901,162.17,163.86,Eb:min,Eb,min,,Ebm
1136901,163.86,166.02,E:min,E,min,,Em
1136901,166.02,174.73,B:maj,B,maj,,B
1136901,174.73,178.14,B:maj/5,B,maj,5,B/5
1136901,178.14,180.51,F#:maj,F#,maj,,F#
1136901,180.51,181.84,E:min,E,min,,Em
1136901,181.84,200.9,N,,,,N
1136901,200.9,207.05,E:min,E,min,,Em
1136901,207.05,208.68,E:min/2,E,min,2,Em/2
1136901,208.68,214.37,E:min,E,min,,Em
1136901,214.37,215.92,F#:maj,F#,maj,,F#
1136901,215.92,221.45,E:min,E,min,,Em
1136901,221.45,222.89,E:min/2,E,min,2,Em/2
1136901,222.89,225.63,E:min,E,min,,Em
1136901,225.63,227.02,Eb:maj,Eb,maj,,Eb
1136901,227.02,228.83,Eb:min,Eb,min,,Ebm
1136901,228.83,230.37,D:min,D,min,,Dm
1136901,230.37,232.85,E:min,E,min,,Em
1136901,232.85,234.24,Eb:maj,Eb,maj,,Eb
1136901,234.24,235.85,Eb:min,Eb,min,,Ebm
1136901,235.85,237.52,D:min,D,min,,Dm
1136901,237.52,240.84,E:min,E,min,,Em
1136901,240.84,243.28,Eb:min,Eb,min,,Ebm
1136901,243.28,244.78,D:min,D,min,,Dm
1136901,244.78,248.06,E:min,E,min,,Em
1136901,248.06,250.4,Eb:min,Eb,min,,Ebm
1136901,250.4,251.96,D:min,D,min,,Dm
1136901,251.96,255.14,E:min,E,min,,Em
1136901,255.14,257.67,Eb:min,Eb,min,,Ebm
1136901,257.67,260.09,D:min,D,min,,Dm
1136901,260.09,267.61,N,,,,N
1158501,0.0,0.95,N,,,,N
1158501,0.95,13.17,D:maj,D,maj,,D
1158501,13.17,16.23,G:maj,G,maj,,G
1158501,16.23,19.39,D:maj,D,maj,,D
1158501,19.39,20.9,A:maj,A,maj,,A
1158501,20.9,22.52,G:maj,G,maj,,G
1158501,22.52,31.7,D:maj,D,maj,,D
1158501,31.7,34.76,G:maj,G,maj,,G
1158501,34.76,37.85,D:maj,D,maj,,D
1158501,37.85,39.38,A:maj,A,maj,,A
1158501,39.38,40.96,G:maj,G,maj,,G
1158501,40.96,50.13,D:maj,D,maj,,D
1158501,50.13,53.17,G:maj,G,maj,,G
1158501,53.17,56.31,D:maj,D,maj,,D
1158501,56.31,57.82,A:maj,A,maj,,A
1158501,57.82,59.42,G:maj,G,maj,,G
1158501,59.42,64.02,D:maj,D,maj,,D
1158501,64.02,65.57,G:maj,G,maj,,G
1158501,65.57,68.59,D:maj,D,maj,,D
1158501,68.59,71.66,G:maj,G,maj,,G
1158501,71.66,74.75,D:maj,D,maj,,D
1158501,74.75,76.3,A:maj,A,maj,,A
1158501,76.3,77.86,G:maj,G,maj,,G
1158501,77.86,87.03,D:maj,D,maj,,D
1158501,87.03,90.16,G:maj,G,maj,,G
1158501,90.16,93.23,D:maj,D,maj,,D
1158501,93.23,94.76,A:maj,A,maj,,A
1158501,94.76,96.34,G:maj,G,maj,,G
1158501,96.34,105.53,D:maj,D,maj,,D
1158501,105.53,108.65,G:maj,G,maj,,G
1158501,108.65,111.66,D:maj,D,maj,,D
1158501,111.66,113.27,A:maj,A,maj,,A
1158501,113.27,114.85,G:maj,G,maj,,G
1158501,114.85,123.99,D:maj,D,maj,,D
1158501,123.99,127.06,G:maj,G,maj,,G
1158501,127.06,130.12,D:maj,D,maj,,D
1158501,130.12,131.7,A:maj,A,maj,,A
1158501,131.7,133.21,G:maj,G,maj,,G
1158501,133.21,138.97,D:maj,D,maj,,D
1158501,138.97,139.95,N,,,,N
1159701,0.0,2.3,N,,,,N
1159701,2.3,3.09,D:min,D,min,,Dm
1159701,3.09,5.64,E:maj,E,maj,,E
1159701,5.64,6.43,D:min,D,min,,Dm
1159701,6.43,8.06,E:maj,E,maj,,E
1159701,8.06,9.94,D:min,D,min,,Dm
1159701,9.94,11.4,E:maj,E,maj,,E
1159701,11.4,13.21,D:min,D,min,,Dm
1159701,13.21,15.65,E:maj,E,maj,,E
1159701,15.65,16.42,D:min,D,min,,Dm
1159701,16.42,19.06,E:maj,E,maj,,E
1159701,19.06,19.81,D:min,D,min,,Dm
1159701,19.81,21.52,E:maj,E,maj,,E
1159701,21.52,23.2,D:min,D,min,,Dm
1159701,23.2,24.85,E:maj,E,maj,,E
1159701,24.85,26.54,D:min,D,min,,Dm
1159701,26.54,29.07,E:maj,E,maj,,E
1159701,29.07,29.86,D:min,D,min,,Dm
1159701,29.86,32.39,E:maj,E,maj,,E
1159701,32.39,33.23,D:min,D,min,,Dm
1159701,33.23,34.9,E:maj,E,maj,,E
1159701,34.9,36.57,D:min,D,min,,Dm
1159701,36.57,38.29,E:maj,E,maj,,E
1159701,38.29,39.92,D:min,D,min,,Dm
1159701,39.92,42.59,E:maj,E,maj,,E
1159701,42.59,43.21,D:min/b3,D,min,b3,Dm/b3
1159701,43.21,45.84,E:maj,E,maj,,E
1159701,45.84,46.53,D:min,D,min,,Dm
1159701,46.53,48.32,E:maj,E,maj,,E
1159701,48.32,49.97,D:min,D,min,,Dm
1159701,49.97,51.62,E:maj,E,maj,,E
1159701,51.62,53.31,D:min,D,min,,Dm
1159701,53.31,61.72,E:maj,E,maj,,E
1159701,61.72,63.34,D:min,D,min,,Dm
1159701,63.34,65.06,E:maj,E,maj,,E
1159701,65.06,66.71,D:min,D,min,,Dm
1159701,66.71,75.07,E:maj,E,maj,,E
1159701,75.07,76.77,D:min,D,min,,Dm
1159701,76.77,78.44,E:maj,E,maj,,E
1159701,78.44,80.11,D:min,D,min,,Dm
1159701,80.11,82.64,E:maj,E,maj,,E
1159701,82.64,83.41,F:maj,F,maj,,F
1159701,83.41,85.98,E:maj,E,maj,,E
1159701,85.98,86.73,D:min/b3,D,min,b3,Dm/b3
1159701,86.73,88.44,E:maj,E,maj,,E
1159701,88.44,90.16,D:min,D,min,,Dm
1159701,90.16,91.81,E:maj,E,maj,,E
1159701,91.81,93.48,D:min,D,min,,Dm
1159701,93.48,96.01,E:maj,E,maj,,E
1159701,96.01,96.78,F:maj,F,maj,,F
1159701,96.78,99.33,E:maj,E,maj,,E
1159701,99.33,100.15,F:maj,F,maj,,F
1159701,100.15,101.89,E:maj,E,maj,,E
1159701,101.89,103.56,D:min,D,min,,Dm
1159701,103.56,105.21,E:maj,E,maj,,E
1159701,105.21,106.9,D:min,D,min,,Dm
1159701,106.9,109.46,E:maj,E,maj,,E
1159701,109.46,110.27,F:maj,F,maj,,F
1159701,110.27,112.83,E:maj,E,maj,,E
1159701,112.83,113.59,F:maj,F,maj,,F
1159701,113.59,115.26,E:maj,E,maj,,E
1159701,115.26,116.96,D:min,D,min,,Dm
1159701,116.96,118.61,E:maj,E,maj,,E
1159701,118.61,120.3,D:min,D,min,,Dm
1159701,120.3,126.18,E:maj,E,maj,,E
1159701,126.18,126.97,D:min/b3,D,min,b3,Dm/b3
1159701,126.97,128.64,E:maj,E,maj,,E
1159701,128.64,130.36,D:min,D,min,,Dm
1159701,130.36,132.03,E:maj,E,maj,,E
1159701,132.03,133.68,D:min,D,min,,Dm
1159701,133.68,142.04,E:maj,E,maj,,E
1159701,142.04,143.71,D:maj,D,maj,,D
1159701,143.71,145.4,E:maj,E,maj,,E
1159701,145.4,147.01,D:min,D,min,,Dm
1159701,147.01,149.63,E:maj,E,maj,,E
1159701,149.63,150.37,F:maj,F,maj,,F
1159701,150.37,155.48,E:maj,E,maj,,E
1159701,155.48,157.15,D:min,D,min,,Dm
1159701,157.15,158.78,E:maj,E,maj,,E
1159701,158.78,160.47,D:min,D,min,,Dm
1159701,160.47,166.32,E:maj,E,maj,,E
1159701,166.32,167.07,D:min/b3,D,min,b3,Dm/b3
1159701,167.07,168.79,E:maj,E,maj,,E
1159701,168.79,170.5,D:min,D,min,,Dm
1159701,170.5,172.18,E:maj,E,maj,,E
1159701,172.18,173.89,D:min,D,min,,Dm
1159701,173.89,182.21,E:maj,E,maj,,E
1159701,182.21,183.88,D:min,D,min,,Dm
1159701,183.88,185.57,E:maj,E,maj,,E
1159701,185.57,187.39,D:min,D,min,,Dm
1159701,187.39,193.7,E:maj,E,maj,,E
1159701,193.7,199.23,N,,,,N
1222501,0.0,1.58,N,,,,N
1222501,1.58,5.32,E:maj,E,maj,,E
1222501,5.32,9.17,F:maj,F,maj,,F
1222501,9.17,13.1,E:maj,E,maj,,E
1222501,13.1,16.83,F:maj,F,maj,,F
1222501,16.83,20.71,E:maj,E,maj,,E
1222501,20.71,24.43,F:maj,F,maj,,F
1222501,24.43,28.28,E:maj,E,maj,,E
1222501,28.28,32.02,F:maj7,F,maj7,,Fmaj7
1222501,32.02,35.97,D:maj7,D,maj7,,Dmaj7
1222501,35.97,39.75,F:maj7,F,maj7,,Fmaj7
1222501,39.75,43.68,D:maj,D,maj,,D
1222501,43.68,46.05,F:maj7,F,maj7,,Fmaj7
1222501,46.05,47.51,F:maj,F,maj,,F
1222501,47.51,51.36,A:maj,A,maj,,A
1222501,51.36,53.27,D:maj,D,maj,,D
1222501,53.27,55.1,B:7,B,7,,B7
1222501,55.1,58.86,A:maj,A,maj,,A
1222501,58.86,60.77,D:maj,D,maj,,D
1222501,60.77,62.6,B:7,B,7,,B7
1222501,62.6,66.41,D:maj,D,maj,,D
1222501,66.41,70.24,F:maj7,F,maj7,,Fmaj7
1222501,70.24,74.14,E:maj,E,maj,,E
1222501,74.14,75.46,F:maj,F,maj,,F
1222501,75.46,78.0,F:maj7,F,maj7,,Fmaj7
1222501,78.0,81.9,E:maj,E,maj,,E
1222501,81.9,83.87,F:maj7,F,maj7,,Fmaj7
1222501,83.87,85.84,F:maj,F,maj,,F
1222501,85.84,89.7,E:maj,E,maj,,E
1222501,89.7,93.58,F:maj,F,maj,,F
1222501,93.58,97.43,D:maj,D,maj,,D
1222501,97.43,101.29,F:maj7,F,maj7,,Fmaj7
1222501,101.29,105.09,D:maj,D,maj,,D
1222501,105.09,107.0,F:maj7,F,maj7,,Fmaj7
1222501,107.0,108.86,F:maj,F,maj,,F
1222501,108.86,110.9,A:maj,A,maj,,A
1222501,110.9,112.76,A:maj/3,A,maj,3,A/3
1222501,112.76,114.66,D:maj,D,maj,,D
1222501,114.66,116.52,B:7,B,7,,B7
1222501,116.52,120.4,A:maj,A,maj,,A
1222501,120.4,122.32,D:maj,D,maj,,D
1222501,122.32,124.2,B:7,B,7,,B7
1222501,124.2,128.06,D:maj,D,maj,,D
1222501,128.06,131.87,F:maj7,F,maj7,,Fmaj7
1222501,131.87,133.79,D:maj,D,maj,,D
1222501,133.79,135.72,A:maj/3,A,maj,3,A/3
1222501,135.72,136.35,Bb:maj,Bb,maj,,Bb
1222501,136.35,136.97,A:min,A,min,,Am
1222501,136.97,137.62,Bb:maj,Bb,maj,,Bb
1222501,137.62,138.23,A:min,A,min,,Am
1222501,138.23,139.11,Bb:maj,Bb,maj,,Bb
1222501,139.11,141.04,D:maj,D,maj,,D
1222501,141.04,142.94,A:maj/3,A,maj,3,A/3
1222501,142.94,143.71,Bb:maj,Bb,maj,,Bb
1222501,143.71,144.2,A:min,A,min,,Am
1222501,144.2,144.89,Bb:maj,Bb,maj,,Bb
1222501,144.89,145.47,A:min,A,min,,Am
1222501,145.47,146.36,Bb:maj,Bb,maj,,Bb
1222501,146.36,148.31,D:maj,D,maj,,D
1222501,148.31,150.19,A:maj/3,A,maj,3,A/3
1222501,150.19,150.91,Bb:maj,Bb,maj,,Bb
1222501,150.91,151.44,A:min,A,min,,Am
1222501,151.44,152.16,Bb:maj,Bb,maj,,Bb
1222501,152.16,152.69,F:maj/3,F,maj,3,F/3
1222501,152.69,153.62,Bb:maj,Bb,maj,,Bb
1222501,153.62,155.55,D:maj,D,maj,,D
1222501,155.55,157.45,A:maj/3,A,maj,3,A/3
1222501,157.45,161.01,F:maj,F,maj,,F
1222501,161.01,164.82,A:maj,A,maj,,A
1222501,164.82,166.67,D:maj,D,maj,,D
1222501,166.67,168.51,B:7,B,7,,B7
1222501,168.51,172.36,A:maj,A,maj,,A
1222501,172.36,174.22,D:maj,D,maj,,D
1222501,174.22,176.1,B:7,B,7,,B7
1222501,176.1,179.91,D:maj,D,maj,,D
1222501,179.91,183.58,F:maj,F,maj,,F
1222501,183.58,187.39,A:maj,A,maj,,A
1222501,187.39,189.15,D:maj,D,maj,,D
1222501,189.15,191.03,B:7,B,7,,B7
1222501,191.03,193.42,A:maj,A,maj,,A
1222501,193.42,194.82,A:maj/3,A,maj,3,A/3
1222501,194.82,196.65,D:maj,D,maj,,D
1222501,196.65,198.55,B:7,B,7,,B7
1222501,198.55,202.27,D:maj,D,maj,,D
1222501,202.27,205.94,F:maj,F,maj,,F
1222501,205.94,220.01,E:maj,E,maj,,E
1222501,220.01,222.96,N,,,,N
1400601,0.0,2.28,N,,,,N
1400601,2.28,3.46,C#:min,C#,min,,C#m
1400601,3.46,4.57,Ab:min,Ab,min,,Abm
1400601,4.57,5.69,A:maj,A,maj,,A
1400601,5.69,7.11,E:maj,E,maj,,E
1400601,7.11,7.96,C#:min,C#,min,,C#m
1400601,7.96,9.06,Ab:min,Ab,min,,Abm
1400601,9.06,10.24,A:maj,A,maj,,A
1400601,10.24,11.35,E:maj,E,maj,,E
1400601,11.35,12.49,F#:min,F#,min,,F#m
1400601,12.49,13.58,Ab:min,Ab,min,,Abm
1400601,13.58,14.74,A:maj,A,maj,,A
1400601,14.74,16.11,B:maj,B,maj,,B
1400601,16.11,17.0,C#:min,C#,min,,C#m
1400601,17.0,18.16,Ab:min,Ab,min,,Abm
1400601,18.16,19.3,A:maj,A,maj,,A
1400601,19.3,20.48,E:maj,E,maj,,E
1400601,20.48,21.55,C#:min,C#,min,,C#m
1400601,21.55,22.69,Ab:min,Ab,min,,Abm
1400601,22.69,23.8,A:maj,A,maj,,A
1400601,23.8,25.29,E:maj,E,maj,,E
1400601,25.29,26.08,C#:min,C#,min,,C#m
1400601,26.08,27.24,Ab:min,Ab,min,,Abm
1400601,27.24,28.35,A:maj,A,maj,,A
1400601,28.35,29.49,E:maj,E,maj,,E
1400601,29.49,30.63,F#:min,F#,min,,F#m
1400601,30.63,31.72,Ab:min,Ab,min,,Abm
1400601,31.72,32.88,A:maj,A,maj,,A
1400601,32.88,34.44,B:maj,B,maj,,B
1400601,34.44,35.13,C#:min,C#,min,,C#m
1400601,35.13,36.29,Ab:min,Ab,min,,Abm
1400601,36.29,37.38,A:maj,A,maj,,A
1400601,37.38,38.52,E:maj,E,maj,,E
1400601,38.52,39.64,C#:min,C#,min,,C#m
1400601,39.64,40.8,Ab:min,Ab,min,,Abm
1400601,40.8,41.91,A:maj,A,maj,,A
1400601,41.91,43.07,E:maj,E,maj,,E
1400601,43.07,44.12,C#:min,C#,min,,C#m
1400601,44.12,45.33,Ab:min,Ab,min,,Abm
1400601,45.33,46.42,A:maj,A,maj,,A
1400601,46.42,47.6,E:maj,E,maj,,E
1400601,47.6,48.76,F#:min,F#,min,,F#m
1400601,48.76,49.88,Ab:min,Ab,min,,Abm
1400601,49.88,50.97,A:maj,A,maj,,A
1400601,50.97,52.08,B:maj,B,maj,,B
1400601,52.08,53.2,C#:min,C#,min,,C#m
1400601,53.2,54.36,Ab:min,Ab,min,,Abm
1400601,54.36,55.52,A:maj,A,maj,,A
1400601,55.52,56.66,E:maj,E,maj,,E
1400601,56.66,57.89,C#:min,C#,min,,C#m
1400601,57.89,58.91,Ab:min,Ab,min,,Abm
1400601,58.91,60.12,A:maj,A,maj,,A
1400601,60.12,61.09,B:maj,B,maj,,B
1400601,61.09,62.35,C#:min,C#,min,,C#m
1400601,62.35,63.46,C#:min/5,C#,min,5,C#m/5
1400601,63.46,64.62,A:maj,A,maj,,A
1400601,64.62,65.69,B:maj,B,maj,,B
1400601,65.69,66.85,F#:min,F#,min,,F#m
1400601,66.85,67.96,Ab:min,Ab,min,,Abm
1400601,67.96,69.06,A:maj,A,maj,,A
1400601,69.06,70.22,B:maj,B,maj,,B
1400601,70.22,71.47,C#:min,C#,min,,C#m
1400601,71.47,72.49,Ab:min,Ab,min,,Abm
1400601,72.49,73.68,A:maj,A,maj,,A
1400601,73.68,74.49,B:maj,B,maj,,B
1400601,74.49,75.93,C#:min,C#,min,,C#m
1400601,75.93,77.04,Ab:min,Ab,min,,Abm
1400601,77.04,78.27,A:maj,A,maj,,A
1400601,78.27,79.3,E:maj,E,maj,,E
1400601,79.3,80.39,C#:min,C#,min,,C#m
1400601,80.39,81.57,Ab:min,Ab,min,,Abm
1400601,81.57,82.73,A:maj,A,maj,,A
1400601,82.73,83.85,E:maj,E,maj,,E
1400601,83.85,85.08,F#:min,F#,min,,F#m
1400601,85.08,86.12,Ab:min,Ab,min,,Abm
1400601,86.12,87.24,A:maj,A,maj,,A
1400601,87.24,88.35,B:maj,B,maj,,B
1400601,88.35,89.58,C#:min,C#,min,,C#m
1400601,89.58,90.63,Ab:min,Ab,min,,Abm
1400601,90.63,91.81,A:maj,A,maj,,A
1400601,91.81,92.93,E:maj,E,maj,,E
1400601,92.93,94.02,C#:min,C#,min,,C#m
1400601,94.02,95.16,Ab:min,Ab,min,,Abm
1400601,95.16,96.29,A:maj,A,maj,,A
1400601,96.29,97.71,E:maj,E,maj,,E
1400601,97.71,98.5,C#:min,C#,min,,C#m
1400601,98.5,99.68,Ab:min,Ab,min,,Abm
1400601,99.68,100.8,A:maj,A,maj,,A
1400601,100.8,101.94,E:maj,E,maj,,E
1400601,101.94,103.14,F#:min,F#,min,,F#m
1400601,103.14,104.19,Ab:min,Ab,min,,Abm
1400601,104.19,105.33,A:maj,A,maj,,A
1400601,105.33,106.44,B:maj,B,maj,,B
1400601,106.44,107.58,C#:min,C#,min,,C#m
1400601,107.58,108.74,Ab:min,Ab,min,,Abm
1400601,108.74,109.97,A:maj,A,maj,,A
1400601,109.97,110.99,E:maj,E,maj,,E
1400601,110.99,112.11,F#:min,F#,min,,F#m
1400601,112.11,113.2,Ab:min,Ab,min,,Abm
1400601,113.2,114.31,A:maj,A,maj,,A
1400601,114.31,115.5,B:maj,B,maj,,B
1400601,115.5,116.75,C#:min,C#,min,,C#m
1400601,116.75,117.79,Ab:min,Ab,min,,Abm
1400601,117.79,119.03,A:maj,A,maj,,A
1400601,119.03,119.72,B:maj,B,maj,,B
1400601,119.72,121.3,C#:min,C#,min,,C#m
1400601,121.3,122.32,Ab:min,Ab,min,,Abm
1400601,122.32,123.55,A:maj,A,maj,,A
1400601,123.55,124.58,B:maj,B,maj,,B
1400601,124.58,125.74,F#:min,F#,min,,F#m
1400601,125.74,126.83,Ab:min,Ab,min,,Abm
1400601,126.83,127.94,A:maj,A,maj,,A
1400601,127.94,129.1,B:maj,B,maj,,B
1400601,129.1,130.33,C#:min,C#,min,,C#m
1400601,130.33,131.4,Ab:min,Ab,min,,Abm
1400601,131.4,132.59,A:maj7,A,maj7,,Amaj7
1400601,132.59,133.35,B:maj,B,maj,,B
1400601,133.35,135.4,C#:min,C#,min,,C#m
1400601,135.4,140.67,N,,,,N
207501,0.0,0.02,N,,,,N
207501,0.02,0.51,G:maj,G,maj,,G
207501,0.51,1.0,C:maj,C,maj,,C
207501,1.0,3.95,F:maj,F,maj,,F
207501,3.95,5.09,C:maj,C,maj,,C
207501,5.09,5.78,F:maj,F,maj,,F
207501,5.78,7.15,C:maj,C,maj,,C
207501,7.15,10.24,F:maj,F,maj,,F
207501,10.24,11.19,C:maj/5,C,maj,5,C/5
207501,11.19,12.28,F:maj,F,maj,,F
207501,12.28,13.28,C:maj/5,C,maj,5,C/5
207501,13.28,14.23,D:min/b3,D,min,b3,Dm/b3
207501,14.23,15.3,C:maj/5,C,maj,5,C/5
207501,15.3,18.34,F:maj,F,maj,,F
207501,18.34,21.41,C:maj/5,C,maj,5,C/5
207501,21.41,26.56,F:maj,F,maj,,F
207501,26.56,27.59,C:maj/5,C,maj,5,C/5
207501,27.59,28.58,F:maj,F,maj,,F
207501,28.58,30.86,G:7,G,7,,G7
207501,30.86,31.65,C:maj/5,C,maj,5,C/5
207501,31.65,32.72,F:maj,F,maj,,F
207501,32.72,41.91,C:maj,C,maj,,C
207501,41.91,44.98,F:maj,F,maj,,F
207501,44.98,45.93,C:maj/5,C,maj,5,C/5
207501,45.93,51.13,F:maj,F,maj,,F
207501,51.13,52.13,C:maj/5,C,maj,5,C/5
207501,52.13,55.17,F:maj,F,maj,,F
207501,55.17,56.19,C:maj,C,maj,,C
207501,56.19,57.24,F:maj,F,maj,,F
207501,57.24,65.41,C:maj,C,maj,,C
207501,65.41,66.43,F:maj,F,maj,,F
207501,66.43,67.43,C:maj,C,maj,,C
207501,67.43,72.61,F:maj,F,maj,,F
207501,72.61,73.68,C:maj,C,maj,,C
207501,73.68,82.73,C:maj/5,C,maj,5,C/5
207501,82.73,83.71,F:maj,F,maj,,F
207501,83.71,84.82,C:maj,C,maj,,C
207501,84.82,85.82,F:maj,F,maj,,F
207501,85.82,86.82,C:maj/5,C,maj,5,C/5
207501,86.82,87.93,F:maj,F,maj,,F
207501,87.93,88.89,C:maj/5,C,maj,5,C/5
207501,88.89,91.97,F:maj,F,maj,,F
207501,91.97,93.0,C:maj/5,C,maj,5,C/5
207501,93.0,96.11,F:maj,F,maj,,F
207501,96.11,97.06,C:maj/5,C,maj,5,C/5
207501,97.06,100.12,F:maj,F,maj,,F
207501,100.12,101.1,C:maj,C,maj,,C
207501,101.1,102.21,F:maj,F,maj,,F
207501,102.21,103.21,C:maj/5,C,maj,5,C/5
207501,103.21,104.23,D:min/b3,D,min,b3,Dm/b3
207501,104.23,105.02,G:maj,G,maj,,G
207501,105.02,106.32,F:maj,F,maj,,F
207501,106.32,114.47,C:maj,C,maj,,C
207501,114.47,115.03,F:maj,F,maj,,F
207501,115.03,118.54,C:maj,C,maj,,C
207501,118.54,119.1,F:maj,F,maj,,F
207501,119.1,122.67,C:maj,C,maj,,C
207501,122.67,123.14,C:maj/5,C,maj,5,C/5
207501,123.14,125.76,D:min7,D,min7,,Dm7
207501,125.76,126.71,C:maj/2,C,maj,2,C/2
207501,126.71,127.22,C:maj/5,C,maj,5,C/5
207501,127.22,127.87,D:min7,D,min7,,Dm7
207501,127.87,129.27,C:7,C,7,,C7
207501,129.27,130.84,D:min7,D,min7,,Dm7
207501,130.84,131.84,G:7,G,7,,G7
207501,131.84,132.86,F:7,F,7,,F7
207501,132.86,133.79,G:7,G,7,,G7
207501,133.79,134.95,F:maj,F,maj,,F
207501,134.95,135.91,G:maj,G,maj,,G
207501,135.91,139.06,F:maj,F,maj,,F
207501,139.06,139.78,G:maj,G,maj,,G
207501,139.78,141.08,F:maj,F,maj,,F
207501,141.08,142.01,C:maj/5,C,maj,5,C/5
207501,142.01,145.15,F:maj,F,maj,,F
207501,145.15,145.66,G:maj,G,maj,,G
207501,145.66,155.32,C:maj,C,maj,,C
207501,155.32,156.46,F:maj,F,maj,,F
207501,156.46,157.36,D:min,D,min,,Dm
207501,157.36,160.45,F:maj,F,maj,,F
207501,160.45,161.49,D:min,D,min,,Dm
207501,161.49,163.54,F:maj,F,maj,,F
207501,163.54,164.03,C:maj/5,C,maj,5,C/5
207501,164.03,168.88,D:min7,D,min7,,Dm7
207501,168.88,170.16,G:maj,G,maj,,G
207501,170.16,171.71,D:min7,D,min7,,Dm7
207501,171.71,172.22,G:sus4(b7),G,sus4(b7),,G:sus4(b7)
207501,172.22,172.83,C:maj,C,maj,,C
207501,172.83,173.73,F:maj,F,maj,,F
207501,173.73,174.8,C:maj,C,maj,,C
207501,174.8,175.8,F:maj,F,maj,,F
207501,175.8,176.87,C:maj,C,maj,,C
207501,176.87,177.89,F:maj,F,maj,,F
207501,177.89,178.93,C:maj,C,maj,,C
207501,178.93,181.95,F:maj7,F,maj7,,Fmaj7
207501,181.95,182.97,C:maj,C,maj,,C
207501,182.97,183.55,F:maj7,F,maj7,,Fmaj7
207501,183.55,184.97,C:maj,C,maj,,C
207501,184.97,190.03,F:maj,F,maj,,F
207501,190.03,191.12,C:maj,C,maj,,C
207501,191.12,192.12,F:maj,F,maj,,F
207501,192.12,195.26,C:maj,C,maj,,C
207501,195.26,196.23,F:maj,F,maj,,F
207501,196.23,197.3,C:maj,C,maj,,C
207501,197.3,201.99,F:maj,F,maj,,F
207501,201.99,206.33,C:maj,C,maj,,C
207501,206.33,208.79,N,,,,N
389701,0.0,1.3,N,,,,N
389701,1.3,3.78,A:maj,A,maj,,A
389701,3.78,6.69,F:maj/3,F,maj,3,F/3
389701,6.69,9.08,A:maj,A,maj,,A
389701,9.08,11.94,F:maj/3,F,maj,3,F/3
389701,11.94,14.4,A:maj,A,maj,,A
389701,14.4,17.67,F:maj/3,F,maj,3,F/3
389701,17.67,22.76,A:min,A,min,,Am
389701,22.76,25.15,A:maj,A,maj,,A
389701,25.15,27.33,F:maj/3,F,maj,3,F/3
389701,27.33,31.42,A:min,A,min,,Am
389701,31.42,33.04,F:maj,F,maj,,F
389701,33.04,34.71,F:maj/3,F,maj,3,F/3
389701,34.71,35.64,D:min,D,min,,Dm
389701,35.64,37.45,Eb:maj,Eb,maj,,Eb
389701,37.45,40.5,Bb:maj,Bb,maj,,Bb
389701,40.5,42.72,Eb:maj,Eb,maj,,Eb
389701,42.72,46.83,Bb:maj,Bb,maj,,Bb
389701,46.83,48.09,F:maj,F,maj,,F
389701,48.09,50.48,Bb:maj,Bb,maj,,Bb
389701,50.48,51.8,A:maj,A,maj,,A
389701,51.8,53.57,F:maj/3,F,maj,3,F/3
389701,53.57,58.14,A:min,A,min,,Am
389701,58.14,60.16,F:maj/3,F,maj,3,F/3
389701,60.16,62.62,A:maj,A,maj,,A
389701,62.62,64.48,F:maj/3,F,maj,3,F/3
389701,64.48,71.84,A:min,A,min,,Am
389701,71.84,82.99,N,,,,N
548601,0.0,3.76,N,,,,N
548601,3.76,44.33,G:min,G,min,,Gm
548601,44.33,45.72,C:maj,C,maj,,C
548601,45.72,47.65,F:maj,F,maj,,F
548601,47.65,49.13,C:maj,C,maj,,C
548601,49.13,49.69,G:min,G,min,,Gm
548601,49.69,50.76,F:maj,F,maj,,F
548601,50.76,51.8,C:min,C,min,,Cm
548601,51.8,54.15,G:min,G,min,,Gm
548601,54.15,55.61,F:maj/5,F,maj,5,F/5
548601,55.61,60.02,G:min,G,min,,Gm
548601,60.02,61.0,Eb:maj,Eb,maj,,Eb
548601,61.0,61.97,Bb:maj,Bb,maj,,Bb
548601,61.97,62.97,C:maj,C,maj,,C
548601,62.97,63.9,G:min,G,min,,Gm
548601,63.9,64.95,Eb:maj,Eb,maj,,Eb
548601,64.95,65.9,Bb:maj,Bb,maj,,Bb
548601,65.9,67.87,G:min,G,min,,Gm
548601,67.87,68.87,Eb:maj,Eb,maj,,Eb
548601,68.87,69.85,Bb:maj,Bb,maj,,Bb
548601,69.85,70.84,C:maj,C,maj,,C
548601,70.84,71.82,G:maj,G,maj,,G
548601,71.82,72.82,Eb:maj,Eb,maj,,Eb
548601,72.82,73.84,Bb:maj,Bb,maj,,Bb
548601,73.84,77.67,D:maj,D,maj,,D
548601,77.67,109.23,G:min,G,min,,Gm
548601,109.23,110.67,C:maj,C,maj,,C
548601,110.67,112.57,F:maj,F,maj,,F
548601,112.57,114.08,C:maj,C,maj,,C
548601,114.08,114.64,G:min,G,min,,Gm
548601,114.64,115.61,F:maj,F,maj,,F
548601,115.61,117.01,C:min,C,min,,Cm
548601,117.01,119.05,G:min,G,min,,Gm
548601,119.05,120.49,F:maj/5,F,maj,5,F/5
548601,120.49,120.98,D:min,D,min,,Dm
548601,120.98,123.39,G:min,G,min,,Gm
548601,123.39,124.95,F:maj/2,F,maj,2,F/2
548601,124.95,125.92,Eb:maj,Eb,maj,,Eb
548601,125.92,126.9,Bb:maj,Bb,maj,,Bb
548601,126.9,127.87,C:maj,C,maj,,C
548601,127.87,128.82,G:maj,G,maj,,G
548601,128.82,129.87,Eb:maj,Eb,maj,,Eb
548601,129.87,130.82,Bb:maj,Bb,maj,,Bb
548601,130.82,132.79,G:min,G,min,,Gm
548601,132.79,133.77,Eb:maj,Eb,maj,,Eb
548601,133.77,134.75,Bb:maj,Bb,maj,,Bb
548601,134.75,135.74,C:maj,C,maj,,C
548601,135.74,136.74,G:maj,G,maj,,G
548601,136.74,137.72,Eb:maj,Eb,maj,,Eb
548601,137.72,138.76,Bb:maj,Bb,maj,,Bb
548601,138.76,142.57,D:maj,D,maj,,D
548601,142.57,147.56,G:min,G,min,,Gm
548601,147.56,149.42,C:maj,C,maj,,C
548601,149.42,150.49,G:maj,G,maj,,G
548601,150.49,152.51,E:min,E,min,,Em
548601,152.51,154.44,A:maj,A,maj,,A
548601,154.44,156.41,G:maj,G,maj,,G
548601,156.41,158.31,F:maj,F,maj,,F
548601,158.31,160.33,E:maj,E,maj,,E
548601,160.33,162.28,A:maj,A,maj,,A
548601,162.28,164.35,G:maj,G,maj,,G
548601,164.35,165.42,F:min,F,min,,Fm
548601,165.42,166.16,Bb:maj,Bb,maj,,Bb
548601,166.16,168.23,E:min,E,min,,Em
548601,168.23,170.16,A:maj,A,maj,,A
548601,170.16,172.18,G:maj,G,maj,,G
548601,172.18,174.03,F:maj,F,maj,,F
548601,174.03,176.08,E:min,E,min,,Em
548601,176.08,178.03,A:maj,A,maj,,A
548601,178.03,180.02,G:maj,G,maj,,G
548601,180.02,185.85,D:maj,D,maj,,D
548601,185.85,193.72,A:min,A,min,,Am
548601,193.72,223.28,G:min,G,min,,Gm
548601,223.28,225.26,D:min,D,min,,Dm
548601,225.26,229.27,G:min,G,min,,Gm
548601,229.27,231.15,N,,,,N
565801,0.0,2.6,N,,,,N
565801,2.6,6.01,C:maj,C,maj,,C
565801,6.01,9.03,F:maj,F,maj,,F
565801,9.03,11.98,G:sus4,G,sus4,,Gsus4
565801,11.98,18.02,C:maj,C,maj,,C
565801,18.02,21.01,F:maj7,F,maj7,,Fmaj7
565801,21.01,23.99,G:sus4,G,sus4,,Gsus4
565801,23.99,30.02,C:maj,C,maj,,C
565801,30.02,33.02,F:maj7,F,maj7,,Fmaj7
565801,33.02,35.99,G:sus4,G,sus4,,Gsus4
565801,35.99,42.03,C:maj,C,maj,,C
565801,42.03,45.02,F:maj7,F,maj7,,Fmaj7
565801,45.02,48.0,G:sus4,G,sus4,,Gsus4
565801,48.0,54.01,C:maj,C,maj,,C
565801,54.01,57.03,F:maj7,F,maj7,,Fmaj7
565801,57.03,60.0,G:sus4,G,sus4,,Gsus4
565801,60.0,66.01,C:maj,C,maj,,C
565801,66.01,69.03,F:maj7,F,maj7,,Fmaj7
565801,69.03,72.01,G:sus4,G,sus4,,Gsus4
565801,72.01,81.06,D:min7,D,min7,,Dm7
565801,81.06,83.99,E:min7,E,min7,,Em7
565801,83.99,93.04,D:min7,D,min7,,Dm7
565801,93.04,95.99,E:min7,E,min7,,Em7
565801,95.99,102.03,C:maj,C,maj,,C
565801,102.03,105.05,F:maj7,F,maj7,,Fmaj7
565801,105.05,108.0,G:sus4,G,sus4,,Gsus4
565801,108.0,114.01,C:maj,C,maj,,C
565801,114.01,117.03,F:maj7,F,maj7,,Fmaj7
565801,117.03,120.0,G:sus4,G,sus4,,Gsus4
565801,120.0,126.01,C:maj,C,maj,,C
565801,126.01,129.03,F:maj7,F,maj7,,Fmaj7
565801,129.03,131.98,G:sus4,G,sus4,,Gsus4
565801,131.98,138.02,C:maj,C,maj,,C
565801,138.02,141.04,F:maj7,F,maj7,,Fmaj7
565801,141.04,144.01,G:sus4(b7),G,sus4(b7),,G:sus4(b7)
565801,144.01,153.07,D:min7,D,min7,,Dm7
565801,153.07,155.99,E:min7,E,min7,,Em7
565801,155.99,165.05,D:min7,D,min7,,Dm7
565801,165.05,168.0,E:min7,E,min7,,Em7
565801,168.0,174.01,C:maj,C,maj,,C
565801,174.01,177.05,F:maj7,F,maj7,,Fmaj7
565801,177.05,179.98,G:sus4,G,sus4,,Gsus4
565801,179.98,186.06,C:maj,C,maj,,C
565801,186.06,187.27,F:maj,F,maj,,F
565801,187.27,204.2,N,,,,N
659901,0.0,1.04,N,,,,N
659901,1.04,3.39,D:min,D,min,,Dm
659901,3.39,4.83,E:min7,E,min7,,Em7
659901,4.83,9.15,A:7,A,7,,A7
659901,9.15,10.8,C:maj,C,maj,,C
659901,10.8,12.28,G:maj/3,G,maj,3,G/3
659901,12.28,13.86,A:min,A,min,,Am
659901,13.86,15.42,G:maj,G,maj,,G
659901,15.42,16.95,C:maj,C,maj,,C
659901,16.95,18.44,G:maj/3,G,maj,3,G/3
659901,18.44,20.11,A:min,A,min,,Am
659901,20.11,21.55,G:maj,G,maj,,G
659901,21.55,23.1,C:maj,C,maj,,C
659901,23.1,24.59,G:maj/3,G,maj,3,G/3
659901,24.59,26.17,A:min,A,min,,Am
659901,26.17,27.72,G:maj,G,maj,,G
659901,27.72,29.26,C:maj,C,maj,,C
659901,29.26,30.74,G:maj/3,G,maj,3,G/3
659901,30.74,32.32,A:min,A,min,,Am
659901,32.32,33.88,G:maj,G,maj,,G
659901,33.88,35.41,C:maj,C,maj,,C
659901,35.41,36.9,G:maj/3,G,maj,3,G/3
659901,36.9,38.48,A:min,A,min,,Am
659901,38.48,40.03,G:maj,G,maj,,G
659901,40.03,41.56,C:maj,C,maj,,C
659901,41.56,43.07,G:maj/3,G,maj,3,G/3
659901,43.07,44.72,A:min,A,min,,Am
659901,44.72,46.18,G:maj,G,maj,,G
659901,46.18,47.72,C:maj,C,maj,,C
659901,47.72,49.2,G:maj/3,G,maj,3,G/3
659901,49.2,50.78,A:min,A,min,,Am
659901,50.78,52.34,G:maj,G,maj,,G
659901,52.34,53.87,C:maj,C,maj,,C
659901,53.87,55.36,G:maj/3,G,maj,3,G/3
659901,55.36,56.94,A:min,A,min,,Am
659901,56.94,58.58,G:maj,G,maj,,G
659901,58.58,60.0,F:maj,F,maj,,F
659901,60.0,61.53,D:min,D,min,,Dm
659901,61.53,63.11,E:min,E,min,,Em
659901,63.11,64.76,A:7,A,7,,A7
659901,64.76,66.06,F:maj,F,maj,,F
659901,66.06,67.69,D:min,D,min,,Dm
659901,67.69,69.54,E:min,E,min,,Em
659901,69.54,70.89,A:7,A,7,,A7
659901,70.89,72.21,F:maj,F,maj,,F
659901,72.21,73.84,D:min,D,min,,Dm
659901,73.84,75.42,E:min,E,min,,Em
659901,75.42,76.9,A:7,A,7,,A7
659901,76.9,79.99,D:min,D,min,,Dm
659901,79.99,81.59,F:min,F,min,,Fm
659901,81.59,83.1,G:maj,G,maj,,G
659901,83.1,84.64,C:maj,C,maj,,C
659901,84.64,86.15,G:maj/3,G,maj,3,G/3
659901,86.15,87.7,A:min,A,min,,Am
659901,87.7,89.26,G:maj,G,maj,,G
659901,89.26,90.79,C:maj,C,maj,,C
659901,90.79,92.3,G:maj/3,G,maj,3,G/3
659901,92.3,93.97,A:min,A,min,,Am
659901,93.97,95.41,G:maj,G,maj,,G
659901,95.41,96.94,C:maj,C,maj,,C
659901,96.94,98.45,G:maj/3,G,maj,3,G/3
659901,98.45,100.01,A:min,A,min,,Am
659901,100.01,101.56,G:maj,G,maj,,G
659901,101.56,103.1,C:maj,C,maj,,C
659901,103.1,104.61,G:maj/3,G,maj,3,G/3
659901,104.61,106.16,A:min,A,min,,Am
659901,106.16,107.72,G:maj,G,maj,,G
659901,107.72,109.25,C:maj,C,maj,,C
659901,109.25,110.76,G:maj/3,G,maj,3,G/3
659901,110.76,112.31,A:min,A,min,,Am
659901,112.31,113.87,G:maj,G,maj,,G
659901,113.87,115.4,C:maj,C,maj,,C
659901,115.4,116.91,G:maj/3,G,maj,3,G/3
659901,116.91,118.58,A:min,A,min,,Am
659901,118.58,120.02,G:maj,G,maj,,G
659901,120.02,121.56,C:maj,C,maj,,C
659901,121.56,123.07,G:maj/3,G,maj,3,G/3
659901,123.07,124.62,A:min,A,min,,Am
659901,124.62,126.18,G:maj,G,maj,,G
659901,126.18,127.71,C:maj,C,maj,,C
659901,127.71,129.22,G:maj/3,G,maj,3,G/3
659901,129.22,130.77,A:min,A,min,,Am
659901,130.77,132.42,G:maj,G,maj,,G
659901,132.42,133.84,F:maj,F,maj,,F
659901,133.84,135.4,D:min,D,min,,Dm
659901,135.4,136.95,E:min,E,min,,Em
659901,136.95,138.58,A:7,A,7,,A7
659901,138.58,139.92,D:min/b3,D,min,b3,Dm/b3
659901,139.92,141.55,D:min,D,min,,Dm
659901,141.55,143.36,E:min,E,min,,Em
659901,143.36,144.73,A:7,A,7,,A7
659901,144.73,146.12,D:min/b3,D,min,b3,Dm/b3
659901,146.12,147.7,D:min,D,min,,Dm
659901,147.7,149.26,E:min,E,min,,Em
659901,149.26,150.77,A:7,A,7,,A7
659901,150.77,153.83,D:min,D,min,,Dm
659901,153.83,155.43,F:min,F,min,,Fm
659901,155.43,156.94,G:maj,G,maj,,G
659901,156.94,158.5,C:maj,C,maj,,C
659901,158.5,159.99,G:maj/3,G,maj,3,G/3
659901,159.99,161.56,A:min,A,min,,Am
659901,161.56,163.1,G:maj,G,maj,,G
659901,163.1,164.65,C:maj,C,maj,,C
659901,164.65,166.14,G:maj/3,G,maj,3,G/3
659901,166.14,167.86,A:min,A,min,,Am
659901,167.86,169.27,G:maj,G,maj,,G
659901,169.27,170.85,C:maj,C,maj,,C
659901,170.85,172.34,G:maj/3,G,maj,3,G/3
659901,172.34,174.03,A:min,A,min,,Am
659901,174.03,175.4,G:maj,G,maj,,G
659901,175.4,183.51,N,,,,N
683801,0.0,0.28,N,,,,N
683801,0.28,11.24,C:maj,C,maj,,C
683801,11.24,14.86,F:maj,F,maj,,F
683801,14.86,18.51,C:maj,C,maj,,C
683801,18.51,22.13,A:min,A,min,,Am
683801,22.13,25.82,D:min7,D,min7,,Dm7
683801,25.82,29.37,G:maj/3,G,maj,3,G/3
683801,29.37,33.07,C:maj,C,maj,,C
683801,33.07,36.69,A:min,A,min,,Am
683801,36.69,40.33,D:min,D,min,,Dm
683801,40.33,42.12,G:maj/3,G,maj,3,G/3
683801,42.12,44.0,G:maj,G,maj,,G
683801,44.0,45.77,D:min,D,min,,Dm
683801,45.77,47.58,C:maj,C,maj,,C
683801,47.58,51.22,G:maj/3,G,maj,3,G/3
683801,51.22,53.03,D:min,D,min,,Dm
683801,53.03,54.89,C:maj,C,maj,,C
683801,54.89,56.54,G:maj/3,G,maj,3,G/3
683801,56.54,58.51,G:maj,G,maj,,G
683801,58.51,60.33,F:maj,F,maj,,F
683801,60.33,62.11,G:maj,G,maj,,G
683801,62.11,63.95,A:min,A,min,,Am
683801,63.95,65.76,D:min,D,min,,Dm
683801,65.76,67.59,F:maj,F,maj,,F
683801,67.59,69.4,G:maj,G,maj,,G
683801,69.4,76.72,C:maj,C,maj,,C
683801,76.72,80.34,A:min,A,min,,Am
683801,80.34,83.99,D:min,D,min,,Dm
683801,83.99,87.59,G:maj/3,G,maj,3,G/3
683801,87.59,91.23,C:maj,C,maj,,C
683801,91.23,94.85,A:min,A,min,,Am
683801,94.85,98.55,D:min,D,min,,Dm
683801,98.55,100.01,G:maj/3,G,maj,3,G/3
683801,100.01,102.17,G:maj,G,maj,,G
683801,102.17,103.93,D:min,D,min,,Dm
683801,103.93,105.79,C:maj,C,maj,,C
683801,105.79,109.41,G:maj/3,G,maj,3,G/3
683801,109.41,110.83,D:min,D,min,,Dm
683801,110.83,113.06,C:maj,C,maj,,C
683801,113.06,114.73,G:maj/3,G,maj,3,G/3
683801,114.73,116.7,G:maj,G,maj,,G
683801,116.7,118.51,F:maj,F,maj,,F
683801,118.51,120.3,G:maj,G,maj,,G
683801,120.3,122.16,A:min,A,min,,Am
683801,122.16,123.99,D:min,D,min,,Dm
683801,123.99,125.76,F:maj,F,maj,,F
683801,125.76,127.59,G:sus4,G,sus4,,Gsus4
683801,127.59,131.24,C:maj,C,maj,,C
683801,131.24,133.0,G:maj/3,G,maj,3,G/3
683801,133.0,134.88,G:maj,G,maj,,G
683801,134.88,138.48,D:min7,D,min7,,Dm7
683801,138.48,140.34,C:maj,C,maj,,C
683801,140.34,141.97,G:maj/3,G,maj,3,G/3
683801,141.97,143.94,G:maj,G,maj,,G
683801,143.94,147.63,C:maj,C,maj,,C
683801,147.63,151.21,A:min7,A,min7,,Am7
683801,151.21,154.88,D:min,D,min,,Dm
683801,154.88,158.48,G:maj/3,G,maj,3,G/3
683801,158.48,162.14,C:maj,C,maj,,C
683801,162.14,165.77,A:min,A,min,,Am
683801,165.77,169.48,D:min,D,min,,Dm
683801,169.48,170.95,G:maj/3,G,maj,3,G/3
683801,170.95,173.06,G:maj,G,maj,,G
683801,173.06,174.82,D:min,D,min,,Dm
683801,174.82,176.7,C:maj,C,maj,,C
683801,176.7,178.0,B:min,B,min,,Bm
683801,178.0,180.33,G:maj/3,G,maj,3,G/3
683801,180.33,182.14,D:min,D,min,,Dm
683801,182.14,183.93,C:maj,C,maj,,C
683801,183.93,187.59,G:maj,G,maj,,G
683801,187.59,189.38,D:min,D,min,,Dm
683801,189.38,191.22,C:maj,C,maj,,C
683801,191.22,192.56,B:min,B,min,,Bm
683801,192.56,194.89,G:maj,G,maj,,G
683801,194.89,196.84,D:min,D,min,,Dm
683801,196.84,198.51,C:maj,C,maj,,C
683801,198.51,199.81,G:maj/3,G,maj,3,G/3
683801,199.81,202.11,G:maj,G,maj,,G
683801,202.11,204.13,D:min,D,min,,Dm
683801,204.13,206.36,C:maj,C,maj,,C
683801,206.36,210.42,G:maj/3,G,maj,3,G/3
683801,210.42,216.29,G:maj,G,maj,,G
683801,216.29,221.15,N,,,,N
892001,0.0,0.02,N,,,,N
892001,0.02,11.98,D:maj,D,maj,,D
892001,11.98,15.26,N,,,,N
892001,15.26,17.67,D:maj,D,maj,,D
892001,17.67,20.87,N,,,,N
892001,20.87,27.38,D:maj,D,maj,,D
892001,27.38,30.33,F#:min,F#,min,,F#m
892001,30.33,32.04,A:maj,A,maj,,A
892001,32.04,56.05,N,,,,N
892001,56.05,59.4,D:maj,D,maj,,D
892001,59.4,61.93,N,,,,N
892001,61.93,64.04,A:maj,A,maj,,A
892001,64.04,70.01,D:maj,D,maj,,D
892001,70.01,72.59,F#:min,F#,min,,F#m
892001,72.59,75.33,A:maj,A,maj,,A
892001,75.33,80.92,D:maj,D,maj,,D
892001,80.92,83.36,F#:min,F#,min,,F#m
892001,83.36,97.31,N,,,,N
892001,97.31,101.38,D:maj,D,maj,,D
892001,101.38,103.98,N,,,,N
892001,103.98,106.63,F#:min,F#,min,,F#m
892001,106.63,112.92,D:maj,D,maj,,D
892001,112.92,116.47,F#:min,F#,min,,F#m
892001,116.47,117.82,A:maj,A,maj,,A
892001,117.82,123.41,D:maj,D,maj,,D
892001,123.41,127.97,F#:min,F#,min,,F#m
892001,127.97,133.96,D:maj,D,maj,,D
892001,133.96,139.32,N,,,,N
892001,139.32,143.94,D:maj,D,maj,,D
892001,143.94,171.32,N,,,,N
892001,171.32,176.87,D:maj,D,maj,,D
892001,176.87,180.6,F#:min,F#,min,,F#m
892001,180.6,181.32,A:maj,A,maj,,A
892001,181.32,188.01,D:maj,D,maj,,D
892001,188.01,191.98,F#:min,F#,min,,F#m
892001,191.98,197.32,D:maj,D,maj,,D
892001,197.32,224.54,N,,,,N
892001,224.54,230.02,D:maj,D,maj,,D
892001,230.02,232.15,F#:min,F#,min,,F#m
892001,232.15,235.15,A:maj,A,maj,,A
892001,235.15,240.65,D:maj,D,maj,,D
892001,240.65,242.69,F#:min,F#,min,,F#m
892001,242.69,245.99,A:maj,A,maj,,A
892001,245.99,250.57,D:maj,D,maj,,D
892001,250.57,258.37,D:min,D,min,,Dm
892001,258.37,261.34,N,,,,N
947801,0.0,1.28,N,,,,N
947801,1.28,2.46,D:maj,D,maj,,D
947801,2.46,3.69,E:maj,E,maj,,E
947801,3.69,6.32,D:maj,D,maj,,D
947801,6.32,7.52,E:maj,E,maj,,E
947801,7.52,10.22,B:min,B,min,,Bm
947801,10.22,11.12,E:maj,E,maj,,E
947801,11.12,22.48,B:min,B,min,,Bm
947801,22.48,23.2,E:maj,E,maj,,E
947801,23.2,24.52,B:min,B,min,,Bm
947801,24.52,25.26,F#:min,F#,min,,F#m
947801,25.26,26.26,D:maj,D,maj,,D
947801,26.26,27.17,E:maj,E,maj,,E
947801,27.17,29.47,B:min,B,min,,Bm
947801,29.47,30.26,D:maj,D,maj,,D
947801,30.26,31.16,E:maj,E,maj,,E
947801,31.16,33.27,B:min,B,min,,Bm
947801,33.27,34.25,D:maj,D,maj,,D
947801,34.25,35.41,E:maj,E,maj,,E
947801,35.41,38.2,B:min,B,min,,Bm
947801,38.2,39.17,E:maj,E,maj,,E
947801,39.17,40.15,B:min,B,min,,Bm
947801,40.15,41.33,C:maj,C,maj,,C
947801,41.33,42.4,G:maj,G,maj,,G
947801,42.4,43.4,F#:min,F#,min,,F#m
947801,43.4,44.47,B:min,B,min,,Bm
947801,44.47,45.12,C:maj,C,maj,,C
947801,45.12,46.35,G:maj,G,maj,,G
947801,46.35,47.23,F#:min,F#,min,,F#m
947801,47.23,48.25,B:min,B,min,,Bm
947801,48.25,49.09,C:maj,C,maj,,C
947801,49.09,50.22,G:maj,G,maj,,G
947801,50.22,51.32,F#:maj,F#,maj,,F#
947801,51.32,52.2,B:min,B,min,,Bm
947801,52.2,53.03,C:maj,C,maj,,C
947801,53.03,54.01,G:maj,G,maj,,G
947801,54.01,54.96,F#:maj,F#,maj,,F#
947801,54.96,57.19,B:min,B,min,,Bm
947801,57.19,57.93,D:maj,D,maj,,D
947801,57.93,59.16,E:maj,E,maj,,E
947801,59.16,60.91,B:min,B,min,,Bm
947801,60.91,61.9,D:maj,D,maj,,D
947801,61.9,62.81,E:maj,E,maj,,E
947801,62.81,65.06,B:min,B,min,,Bm
947801,65.06,65.88,D:maj,D,maj,,D
947801,65.88,66.83,E:maj,E,maj,,E
947801,66.83,69.15,B:min,B,min,,Bm
947801,69.15,69.89,D:maj,D,maj,,D
947801,69.89,70.8,E:maj,E,maj,,E
947801,70.8,77.9,B:min,B,min,,Bm
947801,77.9,78.81,E:maj,E,maj,,E
947801,78.81,87.93,B:min,B,min,,Bm
947801,87.93,88.91,C:maj,C,maj,,C
947801,88.91,89.88,G:maj,G,maj,,G
947801,89.88,91.05,F#:maj,F#,maj,,F#
947801,91.05,92.04,B:min,B,min,,Bm
947801,92.04,92.88,C:maj,C,maj,,C
947801,92.88,93.88,G:maj,G,maj,,G
947801,93.88,94.83,F#:min,F#,min,,F#m
947801,94.83,95.81,B:min,B,min,,Bm
947801,95.81,96.78,C:maj,C,maj,,C
947801,96.78,97.92,G:maj,G,maj,,G
947801,97.92,98.71,F#:maj,F#,maj,,F#
947801,98.71,99.73,B:min,B,min,,Bm
947801,99.73,100.64,C:maj,C,maj,,C
947801,100.64,101.63,G:maj,G,maj,,G
947801,101.63,102.75,F#:maj,F#,maj,,F#
947801,102.75,103.65,B:min,B,min,,Bm
947801,103.65,104.51,F#:maj,F#,maj,,F#
947801,104.51,105.6,D:maj/3,D,maj,3,D/3
947801,105.6,106.42,E:maj,E,maj,,E
947801,106.42,108.6,B:min,B,min,,Bm
947801,108.6,109.57,D:maj,D,maj,,D
947801,109.57,110.94,E:maj,E,maj,,E
947801,110.94,112.48,B:min,B,min,,Bm
947801,112.48,113.43,D:maj,D,maj,,D
947801,113.43,114.8,E:maj,E,maj,,E
947801,114.8,116.17,D:maj/2,D,maj,2,D/2
947801,116.17,117.28,D:maj,D,maj,,D
947801,117.28,118.65,E:min,E,min,,Em
947801,118.65,119.28,B:min,B,min,,Bm
947801,119.28,120.26,B:min/5,B,min,5,Bm/5
947801,120.26,122.02,D:maj,D,maj,,D
947801,122.02,133.19,B:min,B,min,,Bm
947801,133.19,134.1,E:maj,E,maj,,E
947801,134.1,136.12,B:min,B,min,,Bm
947801,136.12,137.14,D:maj,D,maj,,D
947801,137.14,138.34,E:maj,E,maj,,E
947801,138.34,141.01,B:min,B,min,,Bm
947801,141.01,142.06,E:maj,E,maj,,E
947801,142.06,143.1,B:min,B,min,,Bm
947801,143.1,144.24,C:maj,C,maj,,C
947801,144.24,145.22,G:maj,G,maj,,G
947801,145.22,146.19,F#:min,F#,min,,F#m
947801,146.19,147.21,B:min,B,min,,Bm
947801,147.21,148.12,C:maj,C,maj,,C
947801,148.12,149.12,G:maj,G,maj,,G
947801,149.12,150.02,F#:min,F#,min,,F#m
947801,150.02,150.98,B:min,B,min,,Bm
947801,150.98,151.81,C:maj,C,maj,,C
947801,151.81,152.97,G:maj,G,maj,,G
947801,152.97,153.9,F#:maj,F#,maj,,F#
947801,153.9,154.88,B:min,B,min,,Bm
947801,154.88,155.76,C:maj,C,maj,,C
947801,155.76,156.71,G:maj,G,maj,,G
947801,156.71,157.69,F#:min,F#,min,,F#m
947801,157.69,158.66,B:min,B,min,,Bm
947801,158.66,159.43,C:maj,C,maj,,C
947801,159.43,160.4,G:maj,G,maj,,G
947801,160.4,161.36,F#:maj,F#,maj,,F#
947801,161.36,162.59,B:min,B,min,,Bm
947801,162.59,163.31,C:maj,C,maj,,C
947801,163.31,164.47,G:maj,G,maj,,G
947801,164.47,165.42,D:maj/3,D,maj,3,D/3
947801,165.42,167.14,B:min,B,min,,Bm
947801,167.14,168.32,G:maj,G,maj,,G
947801,168.32,169.2,F#:maj,F#,maj,,F#
947801,169.2,170.27,B:min,B,min,,Bm
947801,170.27,171.18,C:maj,C,maj,,C
947801,171.18,172.18,G:maj,G,maj,,G
947801,172.18,172.87,D:maj/3,D,maj,3,D/3
947801,172.87,174.99,B:min,B,min,,Bm
947801,174.99,175.87,G:maj,G,maj,,G
947801,175.87,177.19,F#:maj,F#,maj,,F#
947801,177.19,179.91,B:maj,B,maj,,B
947801,179.91,181.25,N,,,,N
1012602,0.0,1.04,N,,,,N
1012602,1.04,4.02,A:min,A,min,,Am
1012602,4.02,6.83,G:maj,G,maj,,G
1012602,6.83,9.57,F:maj,F,maj,,F
1012602,9.57,12.28,G:maj,G,maj,,G
1012602,12.28,15.05,A:min7,A,min7,,Am7
1012602,15.05,17.58,G:maj,G,maj,,G
1012602,17.58,20.36,F:maj,F,maj,,F
1012602,20.36,23.06,E:min7,E,min7,,Em7
1012602,23.06,25.8,A:min,A,min,,Am
1012602,25.8,28.44,G:maj,G,maj,,G
1012602,28.44,31.11,F:maj,F,maj,,F
1012602,31.11,33.65,G:maj,G,maj,,G
1012602,33.65,36.15,A:min,A,min,,Am
1012602,36.15,39.29,G:maj,G,maj,,G
1012602,39.29,41.24,F:maj,F,maj,,F
1012602,41.24,44.35,E:min7,E,min7,,Em7
1012602,44.35,46.3,A:min,A,min,,Am
1012602,46.3,49.02,C:maj/5,C,maj,5,C/5
1012602,49.02,50.81,F:maj,F,maj,,F
1012602,50.81,52.96,C:maj/3,C,maj,3,C/3
1012602,52.96,55.52,A:min,A,min,,Am
1012602,55.52,58.17,A:min/b7,A,min,b7,Am/b7
1012602,58.17,59.81,F:maj7,F,maj7,,Fmaj7
1012602,59.81,62.28,C:maj/3,C,maj,3,C/3
1012602,62.28,65.57,A:min,A,min,,Am
1012602,65.57,66.71,C:maj,C,maj,,C
1012602,66.71,69.31,F:maj,F,maj,,F
1012602,69.31,71.73,G:maj/5,G,maj,5,G/5
1012602,71.73,74.58,A:min,A,min,,Am
1012602,74.58,75.98,C:maj,C,maj,,C
1012602,75.98,78.55,F:maj,F,maj,,F
1012602,78.55,84.2,G:maj/5,G,maj,5,G/5
1012602,84.2,84.94,F:maj,F,maj,,F
1012602,84.94,87.77,A:min,A,min,,Am
1012602,87.77,90.46,G:maj,G,maj,,G
1012602,90.46,93.04,F:maj,F,maj,,F
1012602,93.04,95.55,G:maj,G,maj,,G
1012602,95.55,98.01,A:min,A,min,,Am
1012602,98.01,100.64,G:maj,G,maj,,G
1012602,100.64,103.12,F:maj,F,maj,,F
1012602,103.12,105.56,E:min,E,min,,Em
1012602,105.56,108.11,A:min,A,min,,Am
1012602,108.11,110.74,G:maj,G,maj,,G
1012602,110.74,113.08,F:maj,F,maj,,F
1012602,113.08,115.47,G:maj,G,maj,,G
1012602,115.47,117.89,A:min,A,min,,Am
1012602,117.89,120.4,G:maj,G,maj,,G
1012602,120.4,122.93,F:maj,F,maj,,F
1012602,122.93,125.16,E:min,E,min,,Em
1012602,125.16,128.01,A:min,A,min,,Am
1012602,128.01,130.36,G:maj,G,maj,,G
1012602,130.36,132.01,F:maj,F,maj,,F
1012602,132.01,134.1,E:min,E,min,,Em
1012602,134.1,136.88,A:min,A,min,,Am
1012602,136.88,138.74,G:maj,G,maj,,G
1012602,138.74,141.32,F:maj,F,maj,,F
1012602,141.32,142.97,E:min,E,min,,Em
1012602,142.97,145.94,A:min,A,min,,Am
1012602,145.94,147.28,C:maj,C,maj,,C
1012602,147.28,150.02,F:maj,F,maj,,F
1012602,150.02,152.3,D:min,D,min,,Dm
1012602,152.3,156.41,A:min,A,min,,Am
1012602,156.41,159.43,F:maj,F,maj,,F
1012602,159.43,162.24,D:min,D,min,,Dm
1012602,162.24,166.28,N,,,,N
1012602,166.28,170.41,A:min,A,min,,Am
1012602,170.41,175.73,N,,,,N
1028802,0.0,11.84,N,,,,N
1028802,11.84,29.7,G:min7,G,min7,,Gm7
1028802,29.7,33.25,N,,,,N
1028802,33.25,51.01,G:min7,G,min7,,Gm7
1028802,51.01,54.52,N,,,,N
1028802,54.52,62.44,G:min7,G,min7,,Gm7
1028802,62.44,75.91,N,,,,N
1028802,75.91,79.95,G:min7,G,min7,,Gm7
1028802,79.95,113.17,N,,,,N
1030102,0.0,2.58,N,,,,N
1030102,2.58,6.57,D:maj,D,maj,,D
1030102,6.57,9.57,E:min,E,min,,Em
1030102,9.57,14.54,D:maj,D,maj,,D
1030102,14.54,17.41,E:min,E,min,,Em
1030102,17.41,22.5,D:maj,D,maj,,D
1030102,22.5,25.12,E:min,E,min,,Em
1030102,25.12,25.47,F#:min,F#,min,,F#m
1030102,25.47,30.44,D:maj,D,maj,,D
1030102,30.44,33.44,E:min,E,min,,Em
1030102,33.44,38.59,D:maj,D,maj,,D
1030102,38.59,42.54,G:maj,G,maj,,G
1030102,42.54,46.42,D:maj,D,maj,,D
1030102,46.42,50.39,G:maj,G,maj,,G
1030102,50.39,52.41,F#:min,F#,min,,F#m
1030102,52.41,53.34,A:maj,A,maj,,A
1030102,53.34,54.45,D:maj/3,D,maj,3,D/3
1030102,54.45,56.42,G:maj,G,maj,,G
1030102,56.42,58.4,A:maj,A,maj,,A
1030102,58.4,60.46,F#:min,F#,min,,F#m
1030102,60.46,61.39,A:maj,A,maj,,A
1030102,61.39,62.42,F#:min,F#,min,,F#m
1030102,62.42,63.39,B:min,B,min,,Bm
1030102,63.39,64.46,A:maj,A,maj,,A
1030102,64.46,65.32,G:maj,G,maj,,G
1030102,65.32,68.38,A:maj,A,maj,,A
1030102,68.38,69.36,F#:min,F#,min,,F#m
1030102,69.36,70.36,E:min,E,min,,Em
1030102,70.36,72.35,F#:min,F#,min,,F#m
1030102,72.35,73.35,A:maj,A,maj,,A
1030102,73.35,74.33,G:maj,G,maj,,G
1030102,74.33,76.28,E:min,E,min,,Em
1030102,76.28,77.28,F#:min,F#,min,,F#m
1030102,77.28,79.37,E:min,E,min,,Em
1030102,79.37,82.34,D:maj,D,maj,,D
1030102,82.34,84.29,E:min,E,min,,Em
1030102,84.29,90.33,D:maj,D,maj,,D
1030102,90.33,93.3,E:min,E,min,,Em
1030102,93.3,98.34,D:maj,D,maj,,D
1030102,98.34,101.19,E:min,E,min,,Em
1030102,101.19,106.25,D:maj,D,maj,,D
1030102,106.25,109.27,E:min,E,min,,Em
1030102,109.27,114.29,D:maj,D,maj,,D
1030102,114.29,117.26,E:min,E,min,,Em
1030102,117.26,122.28,D:maj,D,maj,,D
1030102,122.28,125.29,E:min,E,min,,Em
1030102,125.29,130.29,D:maj,D,maj,,D
1030102,130.29,133.28,E:min,E,min,,Em
1030102,133.28,137.09,D:maj,D,maj,,D
1030102,137.09,150.23,N,,,,N
1030102,150.23,152.25,F#:min,F#,min,,F#m
1030102,152.25,153.21,D:maj/5,D,maj,5,D/5
1030102,153.21,154.25,D:maj/3,D,maj,3,D/3
1030102,154.25,156.22,G:maj,G,maj,,G
1030102,156.22,158.2,A:maj,A,maj,,A
1030102,158.2,162.21,F#:min,F#,min,,F#m
1030102,162.21,163.19,B:min,B,min,,Bm
1030102,163.19,168.32,A:maj,A,maj,,A
1030102,168.32,169.18,F#:min,F#,min,,F#m
1030102,169.18,170.11,E:min,E,min,,Em
1030102,170.11,172.11,F#:min,F#,min,,F#m
1030102,172.11,173.1,A:maj,A,maj,,A
1030102,173.1,174.13,G:maj,G,maj,,G
1030102,174.13,176.08,E:min,E,min,,Em
1030102,176.08,177.12,F#:min,F#,min,,F#m
1030102,177.12,179.14,E:maj,E,maj,,E
1030102,179.14,182.09,D:maj,D,maj,,D
1030102,182.09,184.04,E:maj,E,maj,,E
1030102,184.04,191.08,D:maj,D,maj,,D
1030102,191.08,193.89,E:min,E,min,,Em
1030102,193.89,199.16,B:min,B,min,,Bm
1030102,199.16,202.04,E:min,E,min,,Em
1030102,202.04,206.1,D:maj,D,maj,,D
1030102,206.1,207.1,B:min,B,min,,Bm
1030102,207.1,210.07,E:min,E,min,,Em
1030102,210.07,214.04,D:maj,D,maj,,D
1030102,214.04,215.04,B:min,B,min,,Bm
1030102,215.04,218.11,E:min,E,min,,Em
1030102,218.11,222.08,D:maj,D,maj,,D
1030102,222.08,223.07,B:min,B,min,,Bm
1030102,223.07,226.12,E:min,E,min,,Em
1030102,226.12,230.02,D:maj,D,maj,,D
1030102,230.02,231.06,B:min,B,min,,Bm
1030102,231.06,234.17,E:min,E,min,,Em
1030102,234.17,238.07,D:maj/5,D,maj,5,D/5
1030102,238.07,241.3,G:maj,G,maj,,G
1030102,241.3,242.51,D:maj,D,maj,,D
1030102,242.51,245.9,D:maj/5,D,maj,5,D/5
1030102,245.9,246.6,A:maj,A,maj,,A
1030102,246.6,249.94,G:maj,G,maj,,G
1030102,249.94,254.0,D:maj/3,D,maj,3,D/3
1030102,254.0,256.0,G:maj,G,maj,,G
1030102,256.0,258.02,D:maj/5,D,maj,5,D/5
1030102,258.02,262.04,F#:min,F#,min,,F#m
1030102,262.04,263.01,B:min,B,min,,Bm
1030102,263.01,265.98,A:maj,A,maj,,A
1030102,265.98,269.93,F#:min,F#,min,,F#m
1030102,269.93,271.93,G:maj,G,maj,,G
1030102,271.93,272.93,A:maj,A,maj,,A
1030102,272.93,273.97,B:min/b7,B,min,b7,Bm/b7
1030102,273.97,277.94,F#:min,F#,min,,F#m
1030102,277.94,278.94,B:min,B,min,,Bm
1030102,278.94,279.94,A:maj,A,maj,,A
1030102,279.94,280.92,G:maj,G,maj,,G
1030102,280.92,282.47,A:maj,A,maj,,A
1030102,282.47,283.86,E:maj,E,maj,,E
1030102,283.86,284.91,F#:min,F#,min,,F#m
1030102,284.91,285.86,E:maj,E,maj,,E
1030102,285.86,288.9,F#:min,F#,min,,F#m
1030102,288.9,290.13,G:maj,G,maj,,G
1030102,290.13,291.9,E:maj,E,maj,,E
1030102,291.9,292.9,F#:min,F#,min,,F#m
1030102,292.9,294.92,E:maj,E,maj,,E
1030102,294.92,297.91,D:maj,D,maj,,D
1030102,297.91,299.82,E:maj,E,maj,,E
1030102,299.82,309.96,D:maj,D,maj,,D
1030102,309.96,312.54,E:min,E,min,,Em
1030102,312.54,312.87,F#:min,F#,min,,F#m
1030102,312.87,317.83,D:maj,D,maj,,D
1030102,317.83,320.48,E:min,E,min,,Em
1030102,320.48,320.81,F#:min,F#,min,,F#m
1030102,320.81,325.85,D:maj,D,maj,,D
1030102,325.85,328.82,E:min,E,min,,Em
1030102,328.82,333.83,D:maj,D,maj,,D
1030102,333.83,336.74,E:min,E,min,,Em
1030102,336.74,352.71,D:maj,D,maj,,D
1030102,352.71,357.98,N,,,,N
1051202,0.0,0.21,N,,,,N
1051202,0.21,4.2,A:maj,A,maj,,A
1051202,4.2,8.01,E:maj/3,E,maj,3,E/3
1051202,8.01,9.94,D:maj,D,maj,,D
1051202,9.94,11.96,D:min,D,min,,Dm
1051202,11.96,13.86,A:maj,A,maj,,A
1051202,13.86,15.79,E:maj,E,maj,,E
1051202,15.79,19.71,A:maj,A,maj,,A
1051202,19.71,23.55,C#:min/5,C#,min,5,C#m/5
1051202,23.55,25.59,D:maj,D,maj,,D
1051202,25.59,27.38,D:min,D,min,,Dm
1051202,27.38,29.35,A:maj,A,maj,,A
1051202,29.35,31.25,E:maj,E,maj,,E
1051202,31.25,33.25,A:maj,A,maj,,A
1051202,33.25,35.16,C#:min/5,C#,min,5,C#m/5
1051202,35.16,37.13,F#:min,F#,min,,F#m
1051202,37.13,39.01,D:maj,D,maj,,D
1051202,39.01,41.03,A:maj,A,maj,,A
1051202,41.03,42.86,E:maj/3,E,maj,3,E/3
1051202,42.86,44.84,F#:min,F#,min,,F#m
1051202,44.84,46.74,D:maj,D,maj,,D
1051202,46.74,48.76,A:maj,A,maj,,A
1051202,48.76,50.6,C#:min/5,C#,min,5,C#m/5
1051202,50.6,52.57,F#:min,F#,min,,F#m
1051202,52.57,54.52,D:maj,D,maj,,D
1051202,54.52,56.49,A:maj,A,maj,,A
1051202,56.49,58.37,E:maj/3,E,maj,3,E/3
1051202,58.37,60.33,F#:min,F#,min,,F#m
1051202,60.33,68.06,D:maj,D,maj,,D
1051202,68.06,71.96,A:maj,A,maj,,A
1051202,71.96,75.84,C#:min/5,C#,min,5,C#m/5
1051202,75.84,77.81,D:maj,D,maj,,D
1051202,77.81,79.64,D:min,D,min,,Dm
1051202,79.64,81.62,A:maj,A,maj,,A
1051202,81.62,83.52,E:maj,E,maj,,E
1051202,83.52,87.42,A:maj,A,maj,,A
1051202,87.42,91.25,C#:min/5,C#,min,5,C#m/5
1051202,91.25,93.3,D:maj,D,maj,,D
1051202,93.3,95.16,D:min,D,min,,Dm
1051202,95.16,97.08,A:maj,A,maj,,A
1051202,97.08,98.99,E:maj,E,maj,,E
1051202,98.99,101.03,A:maj,A,maj,,A
1051202,101.03,102.86,C#:min/5,C#,min,5,C#m/5
1051202,102.86,104.91,F#:min,F#,min,,F#m
1051202,104.91,106.79,D:maj,D,maj,,D
1051202,106.79,108.74,A:maj,A,maj,,A
1051202,108.74,110.6,E:maj/3,E,maj,3,E/3
1051202,110.6,112.57,F#:min,F#,min,,F#m
1051202,112.57,114.52,D:maj,D,maj,,D
1051202,114.52,116.52,A:maj,A,maj,,A
1051202,116.52,118.38,C#:min/5,C#,min,5,C#m/5
1051202,118.38,120.33,F#:min,F#,min,,F#m
1051202,120.33,122.23,D:maj,D,maj,,D
1051202,122.23,124.25,A:maj,A,maj,,A
1051202,124.25,126.11,E:maj/3,E,maj,3,E/3
1051202,126.11,128.08,F#:min,F#,min,,F#m
1051202,128.08,135.79,D:maj,D,maj,,D
1051202,135.79,139.62,A:maj,A,maj,,A
1051202,139.62,143.57,D:maj,D,maj,,D
1051202,143.57,147.4,C:maj,C,maj,,C
1051202,147.4,151.3,G:maj,G,maj,,G
1051202,151.3,155.09,A:maj,A,maj,,A
1051202,155.09,159.03,D:maj,D,maj,,D
1051202,159.03,162.91,C:maj,C,maj,,C
1051202,162.91,166.77,G:maj,G,maj,,G
1051202,166.77,173.62,A:maj,A,maj,,A
1051202,173.62,182.18,N,,,,N
1054102,0.0,7.34,N,,,,N
1054102,7.34,10.33,F:maj,F,maj,,F
1054102,10.33,11.61,C#:maj,C#,maj,,C#
1054102,11.61,13.77,E:maj,E,maj,,E
1054102,13.77,17.23,F:maj,F,maj,,F
1054102,17.23,18.44,C#:maj,C#,maj,,C#
1054102,18.44,20.57,E:maj,E,maj,,E
1054102,20.57,24.01,F:maj,F,maj,,F
1054102,24.01,26.17,C#:min,C#,min,,C#m
1054102,26.17,27.45,C#:min/b3,C#,min,b3,C#m/b3
1054102,27.45,30.91,F:min,F,min,,Fm
1054102,30.91,32.21,C#:maj,C#,maj,,C#
1054102,32.21,34.27,E:maj,E,maj,,E
1054102,34.27,37.76,F:maj,F,maj,,F
1054102,37.76,39.31,C#:maj,C#,maj,,C#
1054102,39.31,41.17,E:dim,E,dim,,Edim
1054102,41.17,44.65,F:min,F,min,,Fm
1054102,44.65,46.76,C#:maj7,C#,maj7,,C#maj7
1054102,46.76,50.18,E:maj,E,maj,,E
1054102,50.18,63.76,F:maj,F,maj,,F
1054102,63.76,65.18,E:maj,E,maj,,E
1054102,65.18,68.64,C#:min,C#,min,,C#m
1054102,68.64,70.68,F:min,F,min,,Fm
1054102,70.68,72.05,E:maj,E,maj,,E
1054102,72.05,74.19,C#:min,C#,min,,C#m
1054102,74.19,74.77,B:maj,B,maj,,B
1054102,74.77,75.49,E:maj,E,maj,,E
1054102,75.49,77.53,F:min,F,min,,Fm
1054102,77.53,78.92,E:maj,E,maj,,E
1054102,78.92,81.57,C#:min,C#,min,,C#m
1054102,81.57,82.31,C:maj/3,C,maj,3,C/3
1054102,82.31,84.38,F:min,F,min,,Fm
1054102,84.38,85.7,E:maj,E,maj,,E
1054102,85.7,88.49,C#:min,C#,min,,C#m
1054102,88.49,89.26,E:maj,E,maj,,E
1054102,89.26,91.25,F:min,F,min,,Fm
1054102,91.25,95.97,N,,,,N
1054102,95.97,99.45,F:min,F,min,,Fm
1054102,99.45,100.73,C#:maj,C#,maj,,C#
1054102,100.73,102.86,E:maj,E,maj,,E
1054102,102.86,106.32,F:min,F,min,,Fm
1054102,106.32,107.58,C#:maj,C#,maj,,C#
1054102,107.58,109.74,E:maj,E,maj,,E
1054102,109.74,113.15,F:min,F,min,,Fm
1054102,113.15,114.66,C#:maj,C#,maj,,C#
1054102,114.66,116.59,E:maj,E,maj,,E
1054102,116.59,120.02,F:min,F,min,,Fm
1054102,120.02,121.28,C#:maj,C#,maj,,C#
1054102,121.28,123.44,E:min,E,min,,Em
1054102,123.44,126.83,F:maj,F,maj,,F
1054102,126.83,129.03,C#:maj,C#,maj,,C#
1054102,129.03,130.26,E:maj,E,maj,,E
1054102,130.26,133.77,F:min,F,min,,Fm
1054102,133.77,135.81,C#:maj,C#,maj,,C#
1054102,135.81,137.14,E:maj,E,maj,,E
1054102,137.14,140.62,F:min,F,min,,Fm
1054102,140.62,142.85,C#:maj,C#,maj,,C#
1054102,142.85,144.01,E:7,E,7,,E7
1054102,144.01,147.49,F:min,F,min,,Fm
1054102,147.49,150.02,C#:maj,C#,maj,,C#
1054102,150.02,150.86,E:maj,E,maj,,E
1054102,150.86,153.46,F:min,F,min,,Fm
1054102,153.46,156.01,N,,,,N
1054102,156.01,166.67,F:min,F,min,,Fm
1054102,166.67,168.04,E:maj,E,maj,,E
1054102,168.04,170.13,C#:maj,C#,maj,,C#
1054102,170.13,171.43,E:maj,E,maj,,E
1054102,171.43,173.45,F:min,F,min,,Fm
1054102,173.45,174.94,E:maj,E,maj,,E
1054102,174.94,177.1,C#:maj,C#,maj,,C#
1054102,177.1,178.31,E:maj,E,maj,,E
1054102,178.31,180.33,F:min,F,min,,Fm
1054102,180.33,181.72,E:maj,E,maj,,E
1054102,181.72,183.81,C#:maj,C#,maj,,C#
1054102,183.81,185.18,E:maj,E,maj,,E
1054102,185.18,187.18,F:min,F,min,,Fm
1054102,187.18,188.66,E:maj,E,maj,,E
1054102,188.66,191.36,C#:min,C#,min,,C#m
1054102,191.36,192.01,E:maj,E,maj,,E
1054102,192.01,198.97,F:min,F,min,,Fm
1054102,198.97,205.84,F#:maj,F#,maj,,F#
1054102,205.84,209.72,F:min,F,min,,Fm
1054102,209.72,213.21,F:maj,F,maj,,F
1054102,213.21,217.29,F#:maj,F#,maj,,F#
1054102,217.29,219.45,Eb:min,Eb,min,,Ebm
1054102,219.45,226.44,F:min,F,min,,Fm
1054102,226.44,233.17,F#:maj,F#,maj,,F#
1054102,233.17,234.61,C#:maj/3,C#,maj,3,C#/3
1054102,234.61,236.63,F:min,F,min,,Fm
1054102,236.63,240.14,F:maj,F,maj,,F
1054102,240.14,244.72,F#:maj,F#,maj,,F#
1054102,244.72,246.9,Eb:min,Eb,min,,Ebm
1054102,246.9,248.52,F:min,F,min,,Fm
1054102,248.52,250.29,C:maj,C,maj,,C
1054102,250.29,253.75,C#:maj,C#,maj,,C#
1054102,253.75,257.58,Bb:maj,Bb,maj,,Bb
1054102,257.58,260.6,C#:maj,C#,maj,,C#
1054102,260.6,264.43,Bb:min7,Bb,min7,,Bbm7
1054102,264.43,267.96,C#:maj,C#,maj,,C#
1054102,267.96,270.88,Bb:maj,Bb,maj,,Bb
1054102,270.88,274.32,C#:7,C#,7,,C#7
1054102,274.32,276.43,F:min,F,min,,Fm
1054102,276.43,277.76,E:maj,E,maj,,E
1054102,277.76,279.96,C#:maj,C#,maj,,C#
1054102,279.96,281.15,E:maj,E,maj,,E
1054102,281.15,283.17,F:min,F,min,,Fm
1054102,283.17,284.63,E:maj,E,maj,,E
1054102,284.63,287.32,C#:min,C#,min,,C#m
1054102,287.32,288.0,E:maj,E,maj,,E
1054102,288.0,290.06,F:min,F,min,,Fm
1054102,290.06,291.46,E:maj,E,maj,,E
1054102,291.46,292.69,C#:maj,C#,maj,,C#
1054102,292.69,293.96,C#:min,C#,min,,C#m
1054102,293.96,294.92,E:maj,E,maj,,E
1054102,294.92,296.96,F:min,F,min,,Fm
1054102,296.96,298.28,E:maj,E,maj,,E
1054102,298.28,300.61,C#:maj,C#,maj,,C#
1054102,300.61,301.7,E:maj,E,maj,,E
1054102,301.7,305.25,F:min,F,min,,Fm
1054102,305.25,307.22,C#:maj,C#,maj,,C#
1054102,307.22,308.52,E:aug,E,aug,,Eaug
1054102,308.52,312.12,F:min,F,min,,Fm
1054102,312.12,314.17,C#:maj,C#,maj,,C#
1054102,314.17,315.4,E:maj,E,maj,,E
1054102,315.4,318.93,F:min,F,min,,Fm
1054102,318.93,320.85,C#:maj,C#,maj,,C#
1054102,320.85,322.25,E:maj,E,maj,,E
1054102,322.25,325.82,F:min,F,min,,Fm
1054102,325.82,327.08,C#:maj,C#,maj,,C#
1054102,327.08,329.14,C:maj/3,C,maj,3,C/3
1054102,329.14,332.6,F:min,F,min,,Fm
1054102,332.6,333.95,Bb:min/b3,Bb,min,b3,Bbm/b3
1054102,333.95,335.92,C:maj/3,C,maj,3,C/3
1054102,335.92,340.24,F:min,F,min,,Fm
1054102,340.24,345.0,N,,,,N
1066302,0.0,5.94,N,,,,N
1066302,5.94,11.19,D:maj,D,maj,,D
1066302,11.19,13.35,A:min,A,min,,Am
1066302,13.35,17.74,G:maj,G,maj,,G
1066302,17.74,19.9,D:maj,D,maj,,D
1066302,19.9,22.04,A:min,A,min,,Am
1066302,22.04,26.45,G:maj,G,maj,,G
1066302,26.45,30.88,A:maj,A,maj,,A
1066302,30.88,35.2,E:min,E,min,,Em
1066302,35.2,39.52,G:maj,G,maj,,G
1066302,39.52,43.93,F#:maj,F#,maj,,F#
1066302,43.93,48.23,A:maj,A,maj,,A
1066302,48.23,51.32,E:maj,E,maj,,E
1066302,51.32,52.59,N,,,,N
1066302,52.59,56.94,Ab:min,Ab,min,,Abm
1066302,56.94,61.35,G:maj,G,maj,,G
1066302,61.35,65.69,B:min,B,min,,Bm
1066302,65.69,70.03,G:maj,G,maj,,G
1066302,70.03,74.42,F#:maj,F#,maj,,F#
1066302,74.42,76.7,B:min,B,min,,Bm
1066302,76.7,78.79,D:maj/5,D,maj,5,D/5
1066302,78.79,83.13,E:maj,E,maj,,E
1066302,83.13,85.4,D:maj,D,maj,,D
1066302,85.4,87.54,A:min,A,min,,Am
1066302,87.54,91.86,G:maj,G,maj,,G
1066302,91.86,94.16,D:maj,D,maj,,D
1066302,94.16,96.22,A:min,A,min,,Am
1066302,96.22,100.59,G:maj,G,maj,,G
1066302,100.59,104.98,A:maj,A,maj,,A
1066302,104.98,109.27,E:min,E,min,,Em
1066302,109.27,113.71,G:maj,G,maj,,G
1066302,113.71,118.05,F#:maj,F#,maj,,F#
1066302,118.05,122.46,A:maj,A,maj,,A
1066302,122.46,126.83,E:maj,E,maj,,E
1066302,126.83,131.1,Ab:min,Ab,min,,Abm
1066302,131.1,135.47,G:maj,G,maj,,G
1066302,135.47,139.85,B:min,B,min,,Bm
1066302,139.85,144.22,G:maj,G,maj,,G
1066302,144.22,148.54,F#:maj,F#,maj,,F#
1066302,148.54,150.79,B:min,B,min,,Bm
1066302,150.79,152.97,B:min/b7,B,min,b7,Bm/b7
1066302,152.97,157.27,E:maj,E,maj,,E
1066302,157.27,159.73,D:maj,D,maj,,D
1066302,159.73,161.66,A:min,A,min,,Am
1066302,161.66,166.0,G:maj,G,maj,,G
1066302,166.0,168.48,D:maj,D,maj,,D
1066302,168.48,170.34,A:min,A,min,,Am
1066302,170.34,174.73,G:maj,G,maj,,G
1066302,174.73,179.1,A:maj,A,maj,,A
1066302,179.1,183.41,E:min,E,min,,Em
1066302,183.41,187.85,G:maj,G,maj,,G
1066302,187.85,192.21,F#:maj,F#,maj,,F#
1066302,192.21,196.56,A:maj,A,maj,,A
1066302,196.56,200.92,E:maj,E,maj,,E
1066302,200.92,205.22,Ab:min,Ab,min,,Abm
1066302,205.22,209.65,G:maj,G,maj,,G
1066302,209.65,214.02,B:min,B,min,,Bm
1066302,214.02,218.34,G:maj,G,maj,,G
1066302,218.34,222.68,F#:maj,F#,maj,,F#
1066302,222.68,224.98,B:min,B,min,,Bm
1066302,224.98,227.02,B:min/b7,B,min,b7,Bm/b7
1066302,227.02,231.39,E:maj,E,maj,,E
1066302,231.39,233.66,D:maj,D,maj,,D
1066302,233.66,235.8,A:min,A,min,,Am
1066302,235.8,240.19,G:maj,G,maj,,G
1066302,240.19,242.35,D:maj,D,maj,,D
1066302,242.35,244.55,A:min,A,min,,Am
1066302,244.55,249.1,G:maj,G,maj,,G
1066302,249.1,254.1,A:maj,A,maj,,A
1066302,254.1,257.53,E:min,E,min,,Em
1066302,257.53,261.99,G:maj,G,maj,,G
1066302,261.99,266.4,F#:maj,F#,maj,,F#
1066302,266.4,270.68,D:maj,D,maj,,D
1066302,270.68,275.27,G:maj,G,maj,,G
1066302,275.27,279.29,D:maj,D,maj,,D
1066302,279.29,283.86,G:maj,G,maj,,G
1066302,283.86,288.11,A:maj,A,maj,,A
1066302,288.11,292.48,E:min,E,min,,Em
1066302,292.48,296.89,G:maj,G,maj,,G
1066302,296.89,301.23,F#:maj,F#,maj,,F#
1066302,301.23,305.57,A:maj,A,maj,,A
1066302,305.57,309.96,E:maj,E,maj,,E
1066302,309.96,314.26,Ab:min,Ab,min,,Abm
1066302,314.26,319.09,G:maj,G,maj,,G
1066302,319.09,323.08,B:min,B,min,,Bm
1066302,323.08,327.38,G:maj,G,maj,,G
1066302,327.38,331.72,F#:maj,F#,maj,,F#
1066302,331.72,336.16,B:min,B,min,,Bm
1066302,336.16,340.47,E:maj,E,maj,,E
1066302,340.47,342.89,D:maj,D,maj,,D
1066302,342.89,344.96,A:min,A,min,,Am
1066302,344.96,347.81,G:maj,G,maj,,G
1066302,347.81,358.96,N,,,,N
1075202,0.0,0.07,N,,,,N
1075202,0.07,25.63,E:min7,E,min7,,Em7
1075202,25.63,28.14,E:min,E,min,,Em
1075202,28.14,38.41,E:min7,E,min7,,Em7
1075202,38.41,41.01,E:min,E,min,,Em
1075202,41.01,76.79,E:min7,E,min7,,Em7
1075202,76.79,95.16,E:min,E,min,,Em
1075202,95.16,126.53,E:min7,E,min7,,Em7
1075202,126.53,134.42,N,,,,N
1075802,0.0,3.58,N,,,,N
1075802,3.58,4.83,Bb:maj,Bb,maj,,Bb
1075802,4.83,8.64,F:maj,F,maj,,F
1075802,8.64,11.28,Bb:maj,Bb,maj,,Bb
1075802,11.28,12.17,Eb:maj,Eb,maj,,Eb
1075802,12.17,13.98,F:maj,F,maj,,F
1075802,13.98,14.84,Eb:maj,Eb,maj,,Eb
1075802,14.84,16.63,F:maj,F,maj,,F
1075802,16.63,17.48,Eb:maj,Eb,maj,,Eb
1075802,17.48,19.3,F:maj,F,maj,,F
1075802,19.3,20.18,Eb:maj,Eb,maj,,Eb
1075802,20.18,21.94,F:maj,F,maj,,F
1075802,21.94,22.83,Eb:maj,Eb,maj,,Eb
1075802,22.83,24.68,F:maj,F,maj,,F
1075802,24.68,25.47,Eb:maj7,Eb,maj7,,Ebmaj7
1075802,25.47,27.26,F:maj,F,maj,,F
1075802,27.26,28.14,Eb:maj,Eb,maj,,Eb
1075802,28.14,30.0,F:maj,F,maj,,F
1075802,30.0,30.84,Eb:maj7,Eb,maj7,,Ebmaj7
1075802,30.84,32.37,F:maj,F,maj,,F
1075802,32.37,35.04,G:min7,G,min7,,Gm7
1075802,35.04,37.69,F:maj,F,maj,,F
1075802,37.69,40.4,Eb:maj,Eb,maj,,Eb
1075802,40.4,42.96,C:min7,C,min7,,Cm7
1075802,42.96,45.72,G:min7,G,min7,,Gm7
1075802,45.72,48.39,F:maj,F,maj,,F
1075802,48.39,51.01,Eb:maj,Eb,maj,,Eb
1075802,51.01,53.59,C:min7,C,min7,,Cm7
1075802,53.59,56.26,G:min7,G,min7,,Gm7
1075802,56.26,59.07,F:maj,F,maj,,F
1075802,59.07,61.3,Eb:maj7,Eb,maj7,,Ebmaj7
1075802,61.3,61.72,D:min7,D,min7,,Dm7
1075802,61.72,64.34,C:min7,C,min7,,Cm7
1075802,64.34,67.06,G:min7,G,min7,,Gm7
1075802,67.06,68.64,Eb:maj,Eb,maj,,Eb
1075802,68.64,69.75,F:maj,F,maj,,F
1075802,69.75,71.35,C:min,C,min,,Cm
1075802,71.35,72.45,Eb:maj7,Eb,maj7,,Ebmaj7
1075802,72.45,73.38,F:sus4(b7),F,sus4(b7),,F:sus4(b7)
1075802,73.38,76.44,G:min,G,min,,Gm
1075802,76.44,77.72,G:min7,G,min7,,Gm7
1075802,77.72,79.32,Eb:maj,Eb,maj,,Eb
1075802,79.32,80.46,F:maj,F,maj,,F
1075802,80.46,82.04,C:min,C,min,,Cm
1075802,82.04,83.13,Eb:maj7,Eb,maj7,,Ebmaj7
1075802,83.13,84.08,F:sus4(b7),F,sus4(b7),,F:sus4(b7)
1075802,84.08,85.64,G:min,G,min,,Gm
1075802,85.64,86.82,C:min7,C,min7,,Cm7
1075802,86.82,88.33,F:7,F,7,,F7
1075802,88.33,89.79,Eb:maj7,Eb,maj7,,Ebmaj7
1075802,89.79,91.05,D:min7,D,min7,,Dm7
1075802,91.05,92.21,C:min7,C,min7,,Cm7
1075802,92.21,93.65,F:maj,F,maj,,F
1075802,93.65,96.41,Eb:maj7,Eb,maj7,,Ebmaj7
1075802,96.41,97.55,C:min,C,min,,Cm
1075802,97.55,99.03,F:maj,F,maj,,F
1075802,99.03,100.66,Eb:maj7,Eb,maj7,,Ebmaj7
1075802,100.66,102.31,D:min7,D,min7,,Dm7
1075802,102.31,102.86,G:min,G,min,,Gm
1075802,102.86,104.37,F:maj,F,maj,,F
1075802,104.37,106.05,Eb:maj7,Eb,maj7,,Ebmaj7
1075802,106.05,107.49,D:min7,D,min7,,Dm7
1075802,107.49,108.18,C:min,C,min,,Cm
1075802,108.18,109.69,F:maj,F,maj,,F
1075802,109.69,111.29,Eb:maj,Eb,maj,,Eb
1075802,111.29,112.52,D:min7,D,min7,,Dm7
1075802,112.52,113.52,C:min7,C,min7,,Cm7
1075802,113.52,115.03,F:maj,F,maj,,F
1075802,115.03,116.47,Eb:maj7,Eb,maj7,,Ebmaj7
1075802,116.47,117.68,D:min7,D,min7,,Dm7
1075802,117.68,119.05,G:min7,G,min7,,Gm7
1075802,119.05,120.28,G:min/b7,G,min,b7,Gm/b7
1075802,120.28,121.63,Eb:maj7,Eb,maj7,,Ebmaj7
1075802,121.63,123.0,D:min7,D,min7,,Dm7
1075802,123.0,125.23,G:min7,G,min7,,Gm7
1075802,125.23,126.92,Eb:maj,Eb,maj,,Eb
1075802,126.92,128.38,D:min7,D,min7,,Dm7
1075802,128.38,129.73,G:min7,G,min7,,Gm7
1075802,129.73,131.03,G:min/b7,G,min,b7,Gm/b7
1075802,131.03,132.35,Eb:maj7,Eb,maj7,,Ebmaj7
1075802,132.35,133.72,D:min7,D,min7,,Dm7
1075802,133.72,135.05,G:min7,G,min7,,Gm7
1075802,135.05,136.3,G:min,G,min,,Gm
1075802,136.3,137.69,Eb:maj,Eb,maj,,Eb
1075802,137.69,139.02,D:min7,D,min7,,Dm7
1075802,139.02,140.78,G:min7,G,min7,,Gm7
1075802,140.78,141.69,G:min/b7,G,min,b7,Gm/b7
1075802,141.69,143.03,Eb:maj,Eb,maj,,Eb
1075802,143.03,144.38,D:min7,D,min7,,Dm7
1075802,144.38,146.43,G:min7,G,min7,,Gm7
1075802,146.43,146.98,Eb:maj/2,Eb,maj,2,Eb/2
1075802,146.98,148.28,Eb:maj,Eb,maj,,Eb
1075802,148.28,149.77,D:min7,D,min7,,Dm7
1075802,149.77,151.53,Eb:maj7,Eb,maj7,,Ebmaj7
1075802,151.53,152.49,D:min7,D,min7,,Dm7
1075802,152.49,155.09,C:min7,C,min7,,Cm7
1075802,155.09,156.73,Eb:maj7,Eb,maj7,,Ebmaj7
1075802,156.73,157.73,D:min7,D,min7,,Dm7
1075802,157.73,158.82,G:min7,G,min7,,Gm7
1075802,158.82,160.38,Bb:maj,Bb,maj,,Bb
1075802,160.38,162.19,Eb:maj7,Eb,maj7,,Ebmaj7
1075802,162.19,163.19,Bb:maj/3,Bb,maj,3,Bb/3
1075802,163.19,165.74,C:min7,C,min7,,Cm7
1075802,165.74,167.35,Eb:maj7,Eb,maj7,,Ebmaj7
1075802,167.35,168.39,D:min,D,min,,Dm
1075802,168.39,169.71,G:min7,G,min7,,Gm7
1075802,169.71,171.01,Bb:maj,Bb,maj,,Bb
1075802,171.01,173.64,C:min7,C,min7,,Cm7
1075802,173.64,174.99,Eb:maj,Eb,maj,,Eb
1075802,174.99,176.33,F:maj,F,maj,,F
1075802,176.33,179.03,F:maj/5,F,maj,5,F/5
1075802,179.03,180.09,G:min7,G,min7,,Gm7
1075802,180.09,181.81,F:maj,F,maj,,F
1075802,181.81,184.3,C:min7,C,min7,,Cm7
1075802,184.3,185.64,Eb:maj,Eb,maj,,Eb
1075802,185.64,187.06,F:maj,F,maj,,F
1075802,187.06,189.66,F:maj/5,F,maj,5,F/5
1075802,189.66,190.8,G:min7,G,min7,,Gm7
1075802,190.8,194.26,F:maj,F,maj,,F
1075802,194.26,198.72,G:min,G,min,,Gm
1075802,198.72,203.01,C:min7,C,min7,,Cm7
1075802,203.01,205.61,F:maj,F,maj,,F
1075802,205.61,208.47,G:min,G,min,,Gm
1075802,208.47,211.05,Eb:maj7,Eb,maj7,,Ebmaj7
1075802,211.05,213.72,C:min,C,min,,Cm
1075802,213.72,216.29,F:maj,F,maj,,F
1075802,216.29,219.15,G:min,G,min,,Gm
1075802,219.15,221.73,Eb:maj7,Eb,maj7,,Ebmaj7
1075802,221.73,224.37,C:min,C,min,,Cm
1075802,224.37,227.02,F:maj,F,maj,,F
1075802,227.02,229.76,G:min,G,min,,Gm
1075802,229.76,232.39,Eb:maj7,Eb,maj7,,Ebmaj7
1075802,232.39,234.66,C:min,C,min,,Cm
1075802,234.66,237.47,F:maj/5,F,maj,5,F/5
1075802,237.47,239.68,G:min,G,min,,Gm
1075802,239.68,241.39,Bb:maj,Bb,maj,,Bb
1075802,241.39,242.88,Bb:maj/3,Bb,maj,3,Bb/3
1075802,242.88,245.97,C:min7,C,min7,,Cm7
1075802,245.97,248.34,D:min7,D,min7,,Dm7
1075802,248.34,253.68,G:min7,G,min7,,Gm7
1075802,253.68,256.28,C:min7,C,min7,,Cm7
1075802,256.28,258.97,D:min7,D,min7,,Dm7
1075802,258.97,261.62,Eb:maj7,Eb,maj7,,Ebmaj7
1075802,261.62,262.78,F:maj/5,F,maj,5,F/5
1075802,262.78,264.34,C:min9,C,min9,,Cm9
1075802,264.34,267.01,F:maj,F,maj,,F
1075802,267.01,269.65,D:min7,D,min7,,Dm7
1075802,269.65,272.32,Eb:maj7,Eb,maj7,,Ebmaj7
1075802,272.32,277.69,C:min7,C,min7,,Cm7
1075802,277.69,280.38,D:min7,D,min7,,Dm7
1075802,280.38,283.17,Eb:maj7,Eb,maj7,,Ebmaj7
1075802,283.17,285.7,C:min9,C,min9,,Cm9
1075802,285.7,288.46,F:7,F,7,,F7
1075802,288.46,291.04,D:min7,D,min7,,Dm7
1075802,291.04,293.8,Eb:maj7,Eb,maj7,,Ebmaj7
1075802,293.8,296.36,C:min7,C,min7,,Cm7
1075802,296.36,299.07,F:7,F,7,,F7
1075802,299.07,301.3,D:min7,D,min7,,Dm7
1075802,301.3,305.46,G:min,G,min,,Gm
1075802,305.46,306.04,C:min7,C,min7,,Cm7
1075802,306.04,307.11,Bb:maj/3,Bb,maj,3,Bb/3
1075802,307.11,309.68,C:min7,C,min7,,Cm7
1075802,309.68,312.24,D:min7,D,min7,,Dm7
1075802,312.24,316.12,G:min,G,min,,Gm
1075802,316.12,320.37,C:min7,C,min7,,Cm7
1075802,320.37,322.62,D:min7,D,min7,,Dm7
1075802,322.62,326.7,G:min,G,min,,Gm
1075802,326.7,327.47,C:min7,C,min7,,Cm7
1075802,327.47,328.35,Bb:maj/3,Bb,maj,3,Bb/3
1075802,328.35,331.0,C:min7,C,min7,,Cm7
1075802,331.0,333.3,D:min7,D,min7,,Dm7
1075802,333.3,337.41,G:min,G,min,,Gm
1075802,337.41,338.08,C:min7,C,min7,,Cm7
1075802,338.08,339.08,Bb:maj/3,Bb,maj,3,Bb/3
1075802,339.08,342.4,C:min7,C,min7,,Cm7
1075802,342.4,344.65,F:maj,F,maj,,F
1075802,344.65,347.93,Eb:maj7,Eb,maj7,,Ebmaj7
1075802,347.93,349.69,C:min7,C,min7,,Cm7
1075802,349.69,352.83,G:min7,G,min7,,Gm7
1075802,352.83,355.33,D:min7,D,min7,,Dm7
1075802,355.33,358.52,Eb:maj7,Eb,maj7,,Ebmaj7
1075802,358.52,360.42,C:min7,C,min7,,Cm7
1075802,360.42,363.16,G:min7,G,min7,,Gm7
1075802,363.16,365.85,D:min7,D,min7,,Dm7
1075802,365.85,369.06,Eb:maj7,Eb,maj7,,Ebmaj7
1075802,369.06,371.8,C:min7,C,min7,,Cm7
1075802,371.8,374.33,G:min7,G,min7,,Gm7
1075802,374.33,376.6,F:7,F,7,,F7
1075802,376.6,379.41,Eb:maj7,Eb,maj7,,Ebmaj7
1075802,379.41,381.67,F:maj/5,F,maj,5,F/5
1075802,381.67,388.42,G:min,G,min,,Gm
1075802,388.42,392.25,N,,,,N
1082102,0.0,0.65,N,,,,N
1082102,0.65,4.41,B:min/b3,B,min,b3,Bm/b3
1082102,4.41,10.03,A:maj,A,maj,,A
1082102,10.03,12.35,G:maj,G,maj,,G
1082102,12.35,14.51,A:maj/3,A,maj,3,A/3
1082102,14.51,16.65,D:maj/5,D,maj,5,D/5
1082102,16.65,20.83,B:min,B,min,,Bm
1082102,20.83,24.8,A:maj,A,maj,,A
1082102,24.8,29.16,G:maj,G,maj,,G
1082102,29.16,32.9,F#:maj,F#,maj,,F#
1082102,32.9,36.92,B:min,B,min,,Bm
1082102,36.92,40.91,A:maj,A,maj,,A
1082102,40.91,45.46,G:maj,G,maj,,G
1082102,45.46,48.62,A:maj,A,maj,,A
1082102,48.62,52.92,B:min,B,min,,Bm
1082102,52.92,56.87,A:maj,A,maj,,A
1082102,56.87,61.37,G:maj,G,maj,,G
1082102,61.37,64.81,A:maj,A,maj,,A
1082102,64.81,68.55,B:min,B,min,,Bm
1082102,68.55,72.59,A:maj,A,maj,,A
1082102,72.59,76.86,G:maj,G,maj,,G
1082102,76.86,80.85,A:maj,A,maj,,A
1082102,80.85,84.57,B:min,B,min,,Bm
1082102,84.57,88.65,A:maj,A,maj,,A
1082102,88.65,92.83,G:maj,G,maj,,G
1082102,92.83,98.55,A:maj,A,maj,,A
1082102,98.55,106.9,B:min,B,min,,Bm
